year,exhibit_id,category_raw,hierarchy_path,label,amount,file_name,storage_url,pdf_page,section,row_kind,entity,doc_id
2005,B,Expenses,Expenses > Primary Government > Governmental Activities,General Government,290759,2005 Moore County Financial Report.pdf,https://hovdckksdjofgghaxtif.supabase.co/storage/v1/object/public/AFR_reports/originals/2005%20Moore%20County%20Financial%20Report.pdf,16,expenses,line_item,governmental_activities,B_2005
2005,B,Expenses,Expenses > Primary Government > Governmental Activities,Finance,199014,2005 Moore County Financial Report.pdf,https://hovdckksdjofgghaxtif.supabase.co/storage/v1/object/public/AFR_reports/originals/2005%20Moore%20County%20Financial%20Report.pdf,16,expenses,line_item,governmental_activities,B_2005
2005,B,Expenses,Expenses > Primary Government > Governmental Activities,Administration of Justice,328283,2005 Moore County Financial Report.pdf,https://hovdckksdjofgghaxtif.supabase.co/storage/v1/object/public/AFR_reports/originals/2005%20Moore%20County%20Financial%20Report.pdf,16,expenses,line_item,governmental_activities,B_2005
2005,B,Expenses,Expenses > Primary Government > Governmental Activities,Public Safety,942728,2005 Moore County Financial Report.pdf,https://hovdckksdjofgghaxtif.supabase.co/storage/v1/object/public/AFR_reports/originals/2005%20Moore%20County%20Financial%20Report.pdf,16,expenses,line_item,governmental_activities,B_2005
2005,B,Expenses,Expenses > Primary Government > Governmental Activities,Public Health and Welfare,528826,2005 Moore County Financial Report.pdf,https://hovdckksdjofgghaxtif.supabase.co/storage/v1/object/public/AFR_reports/originals/2005%20Moore%20County%20Financial%20Report.pdf,16,expenses,line_item,governmental_activities,B_2005
2005,B,Expenses,Expenses > Primary Government > Governmental Activities,"Social, Cultural, and Recreational Services",131939,2005 Moore County Financial Report.pdf,https://hovdckksdjofgghaxtif.supabase.co/storage/v1/object/public/AFR_reports/originals/2005%20Moore%20County%20Financial%20Report.pdf,16,expenses,line_item,governmental_activities,B_2005
2005,B,Expenses,Expenses > Primary Government > Governmental Activities,Agriculture and Natural Resources,52270,2005 Moore County Financial Report.pdf,https://hovdckksdjofgghaxtif.supabase.co/storage/v1/object/public/AFR_reports/originals/2005%20Moore%20County%20Financial%20Report.pdf,16,expenses,line_item,governmental_activities,B_2005
2005,B,Expenses,Expenses > Primary Government > Governmental Activities,Other Operations,30777,2005 Moore County Financial Report.pdf,https://hovdckksdjofgghaxtif.supabase.co/storage/v1/object/public/AFR_reports/originals/2005%20Moore%20County%20Financial%20Report.pdf,16,expenses,line_item,governmental_activities,B_2005
2005,B,Expenses,Expenses > Primary Government > Governmental Activities,Highways/Public Works,1343450,2005 Moore County Financial Report.pdf,https://hovdckksdjofgghaxtif.supabase.co/storage/v1/object/public/AFR_reports/originals/2005%20Moore%20County%20Financial%20Report.pdf,16,expenses,line_item,governmental_activities,B_2005
2005,B,Expenses,Expenses > Primary Government > Governmental Activities,Interest on Long-term Debt,23499,2005 Moore County Financial Report.pdf,https://hovdckksdjofgghaxtif.supabase.co/storage/v1/object/public/AFR_reports/originals/2005%20Moore%20County%20Financial%20Report.pdf,16,expenses,line_item,governmental_activities,B_2005
2005,B,Expenses,Expenses > Primary Government > Governmental Activities,Other Debt Service,3073,2005 Moore County Financial Report.pdf,https://hovdckksdjofgghaxtif.supabase.co/storage/v1/object/public/AFR_reports/originals/2005%20Moore%20County%20Financial%20Report.pdf,16,expenses,line_item,governmental_activities,B_2005
2005,B,Expenses,Expenses > Primary Government > Governmental Activities,Total Governmental Activities,3874618,2005 Moore County Financial Report.pdf,https://hovdckksdjofgghaxtif.supabase.co/storage/v1/object/public/AFR_reports/originals/2005%20Moore%20County%20Financial%20Report.pdf,16,expenses,subtotal,governmental_activities,B_2005
2005,B,Expenses,Expenses > Primary Government > Business-type Activities,Water and Sewer Department,903011,2005 Moore County Financial Report.pdf,https://hovdckksdjofgghaxtif.supabase.co/storage/v1/object/public/AFR_reports/originals/2005%20Moore%20County%20Financial%20Report.pdf,16,expenses,line_item,business_type_activities,B_2005
2005,B,Expenses,Expenses > Primary Government,Total Primary Government,4777629,2005 Moore County Financial Report.pdf,https://hovdckksdjofgghaxtif.supabase.co/storage/v1/object/public/AFR_reports/originals/2005%20Moore%20County%20Financial%20Report.pdf,16,expenses,total,total_primary_government,B_2005
2005,B,Expenses,Expenses > Primary Government > Business-type Activities,Total Business-type Activities,903011,2005 Moore County Financial Report.pdf,https://hovdckksdjofgghaxtif.supabase.co/storage/v1/object/public/AFR_reports/originals/2005%20Moore%20County%20Financial%20Report.pdf,16,expenses,subtotal,business_type_activities,B_2005
2005,B,Expenses,Expenses > Component Unit,Metropolitan School Department,7178202,2005 Moore County Financial Report.pdf,https://hovdckksdjofgghaxtif.supabase.co/storage/v1/object/public/AFR_reports/originals/2005%20Moore%20County%20Financial%20Report.pdf,16,expenses,subtotal,school_department,B_2005
2005,B,Expenses,Expenses > Component Unit,Emergency Communications District,56560,2005 Moore County Financial Report.pdf,https://hovdckksdjofgghaxtif.supabase.co/storage/v1/object/public/AFR_reports/originals/2005%20Moore%20County%20Financial%20Report.pdf,16,expenses,subtotal,emergency_communications_district,B_2005
2005,B,Expenses,Expenses > Component Unit,Total Component Units,7234762,2005 Moore County Financial Report.pdf,https://hovdckksdjofgghaxtif.supabase.co/storage/v1/object/public/AFR_reports/originals/2005%20Moore%20County%20Financial%20Report.pdf,16,expenses,total,component_unit,B_2005
2006,B,Expenses,Expenses > Primary Government > Governmental Activities,General Government,131942,2006 Moore County Financial Report.pdf,https://hovdckksdjofgghaxtif.supabase.co/storage/v1/object/public/AFR_reports/originals/2006%20Moore%20County%20Financial%20Report.pdf,17,expenses,line_item,governmental_activities,B_2006
2006,B,Expenses,Expenses > Primary Government > Governmental Activities,Finance,205715,2006 Moore County Financial Report.pdf,https://hovdckksdjofgghaxtif.supabase.co/storage/v1/object/public/AFR_reports/originals/2006%20Moore%20County%20Financial%20Report.pdf,17,expenses,line_item,governmental_activities,B_2006
2006,B,Expenses,Expenses > Primary Government > Governmental Activities,Administration of Justice,194299,2006 Moore County Financial Report.pdf,https://hovdckksdjofgghaxtif.supabase.co/storage/v1/object/public/AFR_reports/originals/2006%20Moore%20County%20Financial%20Report.pdf,17,expenses,line_item,governmental_activities,B_2006
2006,B,Expenses,Expenses > Primary Government > Governmental Activities,Public Safety,1132901,2006 Moore County Financial Report.pdf,https://hovdckksdjofgghaxtif.supabase.co/storage/v1/object/public/AFR_reports/originals/2006%20Moore%20County%20Financial%20Report.pdf,17,expenses,line_item,governmental_activities,B_2006
2006,B,Expenses,Expenses > Primary Government > Governmental Activities,Public Health and Welfare,587893,2006 Moore County Financial Report.pdf,https://hovdckksdjofgghaxtif.supabase.co/storage/v1/object/public/AFR_reports/originals/2006%20Moore%20County%20Financial%20Report.pdf,17,expenses,line_item,governmental_activities,B_2006
2006,B,Expenses,Expenses > Primary Government > Governmental Activities,"Social, Cultural, and Recreational Services",365832,2006 Moore County Financial Report.pdf,https://hovdckksdjofgghaxtif.supabase.co/storage/v1/object/public/AFR_reports/originals/2006%20Moore%20County%20Financial%20Report.pdf,17,expenses,line_item,governmental_activities,B_2006
2006,B,Expenses,Expenses > Primary Government > Governmental Activities,Agriculture and Natural Resources,51207,2006 Moore County Financial Report.pdf,https://hovdckksdjofgghaxtif.supabase.co/storage/v1/object/public/AFR_reports/originals/2006%20Moore%20County%20Financial%20Report.pdf,17,expenses,line_item,governmental_activities,B_2006
2006,B,Expenses,Expenses > Primary Government > Governmental Activities,Other Operations,314468,2006 Moore County Financial Report.pdf,https://hovdckksdjofgghaxtif.supabase.co/storage/v1/object/public/AFR_reports/originals/2006%20Moore%20County%20Financial%20Report.pdf,17,expenses,line_item,governmental_activities,B_2006
2006,B,Expenses,Expenses > Primary Government > Governmental Activities,Highways/Public Works,1404439,2006 Moore County Financial Report.pdf,https://hovdckksdjofgghaxtif.supabase.co/storage/v1/object/public/AFR_reports/originals/2006%20Moore%20County%20Financial%20Report.pdf,17,expenses,line_item,governmental_activities,B_2006
2006,B,Expenses,Expenses > Primary Government > Governmental Activities,Interest on Long-term Debt,27744,2006 Moore County Financial Report.pdf,https://hovdckksdjofgghaxtif.supabase.co/storage/v1/object/public/AFR_reports/originals/2006%20Moore%20County%20Financial%20Report.pdf,17,expenses,line_item,governmental_activities,B_2006
2006,B,Expenses,Expenses > Primary Government > Governmental Activities,Other Debt Service,3643,2006 Moore County Financial Report.pdf,https://hovdckksdjofgghaxtif.supabase.co/storage/v1/object/public/AFR_reports/originals/2006%20Moore%20County%20Financial%20Report.pdf,17,expenses,line_item,governmental_activities,B_2006
2006,B,Expenses,Expenses > Primary Government > Governmental Activities,Total Governmental Activities,4420083,2006 Moore County Financial Report.pdf,https://hovdckksdjofgghaxtif.supabase.co/storage/v1/object/public/AFR_reports/originals/2006%20Moore%20County%20Financial%20Report.pdf,17,expenses,subtotal,governmental_activities,B_2006
2006,B,Expenses,Expenses > Primary Government > Business-type Activities,Water and Sewer Department,1101237,2006 Moore County Financial Report.pdf,https://hovdckksdjofgghaxtif.supabase.co/storage/v1/object/public/AFR_reports/originals/2006%20Moore%20County%20Financial%20Report.pdf,17,expenses,line_item,business_type_activities,B_2006
2006,B,Expenses,Expenses > Primary Government > Business-type Activities,Total Business-type Activities,1101237,2006 Moore County Financial Report.pdf,https://hovdckksdjofgghaxtif.supabase.co/storage/v1/object/public/AFR_reports/originals/2006%20Moore%20County%20Financial%20Report.pdf,17,expenses,subtotal,business_type_activities,B_2006
2006,B,Expenses,Expenses > Primary Government,Total Primary Government,5521320,2006 Moore County Financial Report.pdf,https://hovdckksdjofgghaxtif.supabase.co/storage/v1/object/public/AFR_reports/originals/2006%20Moore%20County%20Financial%20Report.pdf,17,expenses,total,total_primary_government,B_2006
2006,B,Expenses,Expenses > Component Unit,Metropolitan School Department,7348698,2006 Moore County Financial Report.pdf,https://hovdckksdjofgghaxtif.supabase.co/storage/v1/object/public/AFR_reports/originals/2006%20Moore%20County%20Financial%20Report.pdf,17,expenses,subtotal,school_department,B_2006
2006,B,Expenses,Expenses > Component Unit,Emergency Communications District,76589,2006 Moore County Financial Report.pdf,https://hovdckksdjofgghaxtif.supabase.co/storage/v1/object/public/AFR_reports/originals/2006%20Moore%20County%20Financial%20Report.pdf,17,expenses,subtotal,emergency_communications_district,B_2006
2006,B,Expenses,Expenses > Component Unit,Total Component Units,7425287,2006 Moore County Financial Report.pdf,https://hovdckksdjofgghaxtif.supabase.co/storage/v1/object/public/AFR_reports/originals/2006%20Moore%20County%20Financial%20Report.pdf,17,expenses,total,component_unit,B_2006
2007,B,Expenses,Expenses > Primary Government > Governmental Activities,General Government,559118,2007 Moore County Financial Report.pdf,https://hovdckksdjofgghaxtif.supabase.co/storage/v1/object/public/AFR_reports/originals/2007%20Moore%20County%20Financial%20Report.pdf,17,expenses,line_item,governmental_activities,B_2007
2007,B,Expenses,Expenses > Primary Government > Governmental Activities,Finance,227473,2007 Moore County Financial Report.pdf,https://hovdckksdjofgghaxtif.supabase.co/storage/v1/object/public/AFR_reports/originals/2007%20Moore%20County%20Financial%20Report.pdf,17,expenses,line_item,governmental_activities,B_2007
2007,B,Expenses,Expenses > Primary Government > Governmental Activities,Administration of Justice,239369,2007 Moore County Financial Report.pdf,https://hovdckksdjofgghaxtif.supabase.co/storage/v1/object/public/AFR_reports/originals/2007%20Moore%20County%20Financial%20Report.pdf,17,expenses,line_item,governmental_activities,B_2007
2007,B,Expenses,Expenses > Primary Government > Governmental Activities,Public Safety,1188481,2007 Moore County Financial Report.pdf,https://hovdckksdjofgghaxtif.supabase.co/storage/v1/object/public/AFR_reports/originals/2007%20Moore%20County%20Financial%20Report.pdf,17,expenses,line_item,governmental_activities,B_2007
2007,B,Expenses,Expenses > Primary Government > Governmental Activities,Public Health and Welfare,684828,2007 Moore County Financial Report.pdf,https://hovdckksdjofgghaxtif.supabase.co/storage/v1/object/public/AFR_reports/originals/2007%20Moore%20County%20Financial%20Report.pdf,17,expenses,line_item,governmental_activities,B_2007
2007,B,Expenses,Expenses > Primary Government > Governmental Activities,"Social, Cultural, and Recreational Services",151456,2007 Moore County Financial Report.pdf,https://hovdckksdjofgghaxtif.supabase.co/storage/v1/object/public/AFR_reports/originals/2007%20Moore%20County%20Financial%20Report.pdf,17,expenses,line_item,governmental_activities,B_2007
2007,B,Expenses,Expenses > Primary Government > Governmental Activities,Agriculture and Natural Resources,54313,2007 Moore County Financial Report.pdf,https://hovdckksdjofgghaxtif.supabase.co/storage/v1/object/public/AFR_reports/originals/2007%20Moore%20County%20Financial%20Report.pdf,17,expenses,line_item,governmental_activities,B_2007
2007,B,Expenses,Expenses > Primary Government > Governmental Activities,Other Operations,497974,2007 Moore County Financial Report.pdf,https://hovdckksdjofgghaxtif.supabase.co/storage/v1/object/public/AFR_reports/originals/2007%20Moore%20County%20Financial%20Report.pdf,17,expenses,line_item,governmental_activities,B_2007
2007,B,Expenses,Expenses > Primary Government > Governmental Activities,Highways/Public Works,1171730,2007 Moore County Financial Report.pdf,https://hovdckksdjofgghaxtif.supabase.co/storage/v1/object/public/AFR_reports/originals/2007%20Moore%20County%20Financial%20Report.pdf,17,expenses,line_item,governmental_activities,B_2007
2007,B,Expenses,Expenses > Primary Government > Governmental Activities,Interest on Long-term Debt,24947,2007 Moore County Financial Report.pdf,https://hovdckksdjofgghaxtif.supabase.co/storage/v1/object/public/AFR_reports/originals/2007%20Moore%20County%20Financial%20Report.pdf,17,expenses,line_item,governmental_activities,B_2007
2007,B,Expenses,Expenses > Primary Government > Governmental Activities,Other Debt Service,4032,2007 Moore County Financial Report.pdf,https://hovdckksdjofgghaxtif.supabase.co/storage/v1/object/public/AFR_reports/originals/2007%20Moore%20County%20Financial%20Report.pdf,17,expenses,line_item,governmental_activities,B_2007
2007,B,Expenses,Expenses > Primary Government > Governmental Activities,Total Governmental Activities,4803721,2007 Moore County Financial Report.pdf,https://hovdckksdjofgghaxtif.supabase.co/storage/v1/object/public/AFR_reports/originals/2007%20Moore%20County%20Financial%20Report.pdf,17,expenses,subtotal,governmental_activities,B_2007
2007,B,Expenses,Expenses > Primary Government > Business-type Activities,Water and Sewer Department,1185973,2007 Moore County Financial Report.pdf,https://hovdckksdjofgghaxtif.supabase.co/storage/v1/object/public/AFR_reports/originals/2007%20Moore%20County%20Financial%20Report.pdf,17,expenses,line_item,business_type_activities,B_2007
2007,B,Expenses,Expenses > Primary Government > Business-type Activities,Total Business-type Activities,1185973,2007 Moore County Financial Report.pdf,https://hovdckksdjofgghaxtif.supabase.co/storage/v1/object/public/AFR_reports/originals/2007%20Moore%20County%20Financial%20Report.pdf,17,expenses,subtotal,business_type_activities,B_2007
2007,B,Expenses,Expenses > Primary Government,Total Primary Government,5989694,2007 Moore County Financial Report.pdf,https://hovdckksdjofgghaxtif.supabase.co/storage/v1/object/public/AFR_reports/originals/2007%20Moore%20County%20Financial%20Report.pdf,17,expenses,total,total_primary_government,B_2007
2007,B,Expenses,Expenses > Component Unit,Metropolitan School Department,7254631,2007 Moore County Financial Report.pdf,https://hovdckksdjofgghaxtif.supabase.co/storage/v1/object/public/AFR_reports/originals/2007%20Moore%20County%20Financial%20Report.pdf,17,expenses,subtotal,school_department,B_2007
2007,B,Expenses,Expenses > Component Unit,Emergency Communications District,86882,2007 Moore County Financial Report.pdf,https://hovdckksdjofgghaxtif.supabase.co/storage/v1/object/public/AFR_reports/originals/2007%20Moore%20County%20Financial%20Report.pdf,17,expenses,subtotal,emergency_communications_district,B_2007
2007,B,Expenses,Expenses > Component Unit,Total Component Units,7341513,2007 Moore County Financial Report.pdf,https://hovdckksdjofgghaxtif.supabase.co/storage/v1/object/public/AFR_reports/originals/2007%20Moore%20County%20Financial%20Report.pdf,17,expenses,total,component_unit,B_2007
2008,B,Expenses,Expenses > Primary Government > Governmental Activities,General Government,412366,2008 Moore County Financial Report.pdf,https://hovdckksdjofgghaxtif.supabase.co/storage/v1/object/public/AFR_reports/originals/2008%20Moore%20County%20Financial%20Report.pdf,25,expenses,line_item,governmental_activities,B_2008
2008,B,Expenses,Expenses > Primary Government > Governmental Activities,Finance,244261,2008 Moore County Financial Report.pdf,https://hovdckksdjofgghaxtif.supabase.co/storage/v1/object/public/AFR_reports/originals/2008%20Moore%20County%20Financial%20Report.pdf,25,expenses,line_item,governmental_activities,B_2008
2008,B,Expenses,Expenses > Primary Government > Governmental Activities,Administration of Justice,256217,2008 Moore County Financial Report.pdf,https://hovdckksdjofgghaxtif.supabase.co/storage/v1/object/public/AFR_reports/originals/2008%20Moore%20County%20Financial%20Report.pdf,25,expenses,line_item,governmental_activities,B_2008
2008,B,Expenses,Expenses > Primary Government > Governmental Activities,Public Safety,1404087,2008 Moore County Financial Report.pdf,https://hovdckksdjofgghaxtif.supabase.co/storage/v1/object/public/AFR_reports/originals/2008%20Moore%20County%20Financial%20Report.pdf,25,expenses,line_item,governmental_activities,B_2008
2008,B,Expenses,Expenses > Primary Government > Governmental Activities,Public Health and Welfare,782247,2008 Moore County Financial Report.pdf,https://hovdckksdjofgghaxtif.supabase.co/storage/v1/object/public/AFR_reports/originals/2008%20Moore%20County%20Financial%20Report.pdf,25,expenses,line_item,governmental_activities,B_2008
2008,B,Expenses,Expenses > Primary Government > Governmental Activities,"Social, Cultural, and Recreational Services",131868,2008 Moore County Financial Report.pdf,https://hovdckksdjofgghaxtif.supabase.co/storage/v1/object/public/AFR_reports/originals/2008%20Moore%20County%20Financial%20Report.pdf,25,expenses,line_item,governmental_activities,B_2008
2008,B,Expenses,Expenses > Primary Government > Governmental Activities,Agriculture and Natural Resources,62387,2008 Moore County Financial Report.pdf,https://hovdckksdjofgghaxtif.supabase.co/storage/v1/object/public/AFR_reports/originals/2008%20Moore%20County%20Financial%20Report.pdf,25,expenses,line_item,governmental_activities,B_2008
2008,B,Expenses,Expenses > Primary Government > Governmental Activities,Other Operations,11133,2008 Moore County Financial Report.pdf,https://hovdckksdjofgghaxtif.supabase.co/storage/v1/object/public/AFR_reports/originals/2008%20Moore%20County%20Financial%20Report.pdf,25,expenses,line_item,governmental_activities,B_2008
2008,B,Expenses,Expenses > Primary Government > Governmental Activities,Highways/Public Works,1232674,2008 Moore County Financial Report.pdf,https://hovdckksdjofgghaxtif.supabase.co/storage/v1/object/public/AFR_reports/originals/2008%20Moore%20County%20Financial%20Report.pdf,25,expenses,line_item,governmental_activities,B_2008
2008,B,Expenses,Expenses > Primary Government > Governmental Activities,Education,2256820,2008 Moore County Financial Report.pdf,https://hovdckksdjofgghaxtif.supabase.co/storage/v1/object/public/AFR_reports/originals/2008%20Moore%20County%20Financial%20Report.pdf,25,expenses,line_item,governmental_activities,B_2008
2008,B,Expenses,Expenses > Primary Government > Governmental Activities,Interest on Long-term Debt,43407,2008 Moore County Financial Report.pdf,https://hovdckksdjofgghaxtif.supabase.co/storage/v1/object/public/AFR_reports/originals/2008%20Moore%20County%20Financial%20Report.pdf,25,expenses,line_item,governmental_activities,B_2008
2008,B,Expenses,Expenses > Primary Government > Governmental Activities,Other Debt Service,7794,2008 Moore County Financial Report.pdf,https://hovdckksdjofgghaxtif.supabase.co/storage/v1/object/public/AFR_reports/originals/2008%20Moore%20County%20Financial%20Report.pdf,25,expenses,line_item,governmental_activities,B_2008
2008,B,Expenses,Expenses > Primary Government > Governmental Activities,Total Governmental Activities,6845261,2008 Moore County Financial Report.pdf,https://hovdckksdjofgghaxtif.supabase.co/storage/v1/object/public/AFR_reports/originals/2008%20Moore%20County%20Financial%20Report.pdf,25,expenses,subtotal,governmental_activities,B_2008
2008,B,Expenses,Expenses > Primary Government > Business-type Activities,Water and Sewer Department,1481572,2008 Moore County Financial Report.pdf,https://hovdckksdjofgghaxtif.supabase.co/storage/v1/object/public/AFR_reports/originals/2008%20Moore%20County%20Financial%20Report.pdf,25,expenses,line_item,business_type_activities,B_2008
2008,B,Expenses,Expenses > Primary Government > Business-type Activities,Total Business-type Activities,1481572,2008 Moore County Financial Report.pdf,https://hovdckksdjofgghaxtif.supabase.co/storage/v1/object/public/AFR_reports/originals/2008%20Moore%20County%20Financial%20Report.pdf,25,expenses,subtotal,business_type_activities,B_2008
2008,B,Expenses,Expenses > Primary Government,Total Primary Government,8326833,2008 Moore County Financial Report.pdf,https://hovdckksdjofgghaxtif.supabase.co/storage/v1/object/public/AFR_reports/originals/2008%20Moore%20County%20Financial%20Report.pdf,25,expenses,total,total_primary_government,B_2008
2008,B,Expenses,Expenses > Component Unit,Metropolitan School Department,8005767,2008 Moore County Financial Report.pdf,https://hovdckksdjofgghaxtif.supabase.co/storage/v1/object/public/AFR_reports/originals/2008%20Moore%20County%20Financial%20Report.pdf,25,expenses,subtotal,school_department,B_2008
2008,B,Expenses,Expenses > Component Unit,Emergency Communications District,84766,2008 Moore County Financial Report.pdf,https://hovdckksdjofgghaxtif.supabase.co/storage/v1/object/public/AFR_reports/originals/2008%20Moore%20County%20Financial%20Report.pdf,25,expenses,subtotal,emergency_communications_district,B_2008
2008,B,Expenses,Expenses > Component Unit,Total Component Units,8090533,2008 Moore County Financial Report.pdf,https://hovdckksdjofgghaxtif.supabase.co/storage/v1/object/public/AFR_reports/originals/2008%20Moore%20County%20Financial%20Report.pdf,25,expenses,total,component_unit,B_2008
2009,B,Expenses,Expenses > Primary Government > Governmental Activities,General Government,514252,2009 Moore County Financial Report.pdf,https://hovdckksdjofgghaxtif.supabase.co/storage/v1/object/public/AFR_reports/originals/2009%20Moore%20County%20Financial%20Report.pdf,25,expenses,line_item,governmental_activities,B_2009
2009,B,Expenses,Expenses > Primary Government > Governmental Activities,Finance,257295,2009 Moore County Financial Report.pdf,https://hovdckksdjofgghaxtif.supabase.co/storage/v1/object/public/AFR_reports/originals/2009%20Moore%20County%20Financial%20Report.pdf,25,expenses,line_item,governmental_activities,B_2009
2009,B,Expenses,Expenses > Primary Government > Governmental Activities,Administration of Justice,266344,2009 Moore County Financial Report.pdf,https://hovdckksdjofgghaxtif.supabase.co/storage/v1/object/public/AFR_reports/originals/2009%20Moore%20County%20Financial%20Report.pdf,25,expenses,line_item,governmental_activities,B_2009
2009,B,Expenses,Expenses > Primary Government > Governmental Activities,Public Safety,1485203,2009 Moore County Financial Report.pdf,https://hovdckksdjofgghaxtif.supabase.co/storage/v1/object/public/AFR_reports/originals/2009%20Moore%20County%20Financial%20Report.pdf,25,expenses,line_item,governmental_activities,B_2009
2009,B,Expenses,Expenses > Primary Government > Governmental Activities,Public Health and Welfare,1921051,2009 Moore County Financial Report.pdf,https://hovdckksdjofgghaxtif.supabase.co/storage/v1/object/public/AFR_reports/originals/2009%20Moore%20County%20Financial%20Report.pdf,25,expenses,line_item,governmental_activities,B_2009
2009,B,Expenses,Expenses > Primary Government > Governmental Activities,"Social, Cultural, and Recreational Services",203546,2009 Moore County Financial Report.pdf,https://hovdckksdjofgghaxtif.supabase.co/storage/v1/object/public/AFR_reports/originals/2009%20Moore%20County%20Financial%20Report.pdf,25,expenses,line_item,governmental_activities,B_2009
2009,B,Expenses,Expenses > Primary Government > Governmental Activities,Agriculture and Natural Resources,69785,2009 Moore County Financial Report.pdf,https://hovdckksdjofgghaxtif.supabase.co/storage/v1/object/public/AFR_reports/originals/2009%20Moore%20County%20Financial%20Report.pdf,25,expenses,line_item,governmental_activities,B_2009
2009,B,Expenses,Expenses > Primary Government > Governmental Activities,Other Operations,11055,2009 Moore County Financial Report.pdf,https://hovdckksdjofgghaxtif.supabase.co/storage/v1/object/public/AFR_reports/originals/2009%20Moore%20County%20Financial%20Report.pdf,25,expenses,line_item,governmental_activities,B_2009
2009,B,Expenses,Expenses > Primary Government > Governmental Activities,Highways/Public Works,1471532,2009 Moore County Financial Report.pdf,https://hovdckksdjofgghaxtif.supabase.co/storage/v1/object/public/AFR_reports/originals/2009%20Moore%20County%20Financial%20Report.pdf,25,expenses,line_item,governmental_activities,B_2009
2009,B,Expenses,Expenses > Primary Government > Governmental Activities,Education,6491877,2009 Moore County Financial Report.pdf,https://hovdckksdjofgghaxtif.supabase.co/storage/v1/object/public/AFR_reports/originals/2009%20Moore%20County%20Financial%20Report.pdf,25,expenses,line_item,governmental_activities,B_2009
2009,B,Expenses,Expenses > Primary Government > Governmental Activities,Interest on Long-term Debt,106811,2009 Moore County Financial Report.pdf,https://hovdckksdjofgghaxtif.supabase.co/storage/v1/object/public/AFR_reports/originals/2009%20Moore%20County%20Financial%20Report.pdf,25,expenses,line_item,governmental_activities,B_2009
2009,B,Expenses,Expenses > Primary Government > Governmental Activities,Other Debt Service,37686,2009 Moore County Financial Report.pdf,https://hovdckksdjofgghaxtif.supabase.co/storage/v1/object/public/AFR_reports/originals/2009%20Moore%20County%20Financial%20Report.pdf,25,expenses,line_item,governmental_activities,B_2009
2009,B,Expenses,Expenses > Primary Government > Governmental Activities,Total Governmental Activities,12836437,2009 Moore County Financial Report.pdf,https://hovdckksdjofgghaxtif.supabase.co/storage/v1/object/public/AFR_reports/originals/2009%20Moore%20County%20Financial%20Report.pdf,25,expenses,subtotal,governmental_activities,B_2009
2009,B,Expenses,Expenses > Primary Government > Business-type Activities,Water and Sewer Department,1468997,2009 Moore County Financial Report.pdf,https://hovdckksdjofgghaxtif.supabase.co/storage/v1/object/public/AFR_reports/originals/2009%20Moore%20County%20Financial%20Report.pdf,25,expenses,line_item,business_type_activities,B_2009
2009,B,Expenses,Expenses > Primary Government > Business-type Activities,Total Business-type Activities,1468997,2009 Moore County Financial Report.pdf,https://hovdckksdjofgghaxtif.supabase.co/storage/v1/object/public/AFR_reports/originals/2009%20Moore%20County%20Financial%20Report.pdf,25,expenses,subtotal,business_type_activities,B_2009
2009,B,Expenses,Expenses > Primary Government,Total Primary Government,14305434,2009 Moore County Financial Report.pdf,https://hovdckksdjofgghaxtif.supabase.co/storage/v1/object/public/AFR_reports/originals/2009%20Moore%20County%20Financial%20Report.pdf,25,expenses,total,total_primary_government,B_2009
2009,B,Expenses,Expenses > Component Unit,Metropolitan School Department,8305914,2009 Moore County Financial Report.pdf,https://hovdckksdjofgghaxtif.supabase.co/storage/v1/object/public/AFR_reports/originals/2009%20Moore%20County%20Financial%20Report.pdf,25,expenses,subtotal,school_department,B_2009
2009,B,Expenses,Expenses > Component Unit,Emergency Communications District,120862,2009 Moore County Financial Report.pdf,https://hovdckksdjofgghaxtif.supabase.co/storage/v1/object/public/AFR_reports/originals/2009%20Moore%20County%20Financial%20Report.pdf,25,expenses,subtotal,emergency_communications_district,B_2009
2009,B,Expenses,Expenses > Component Unit,Total Component Units,8426776,2009 Moore County Financial Report.pdf,https://hovdckksdjofgghaxtif.supabase.co/storage/v1/object/public/AFR_reports/originals/2009%20Moore%20County%20Financial%20Report.pdf,25,expenses,total,component_unit,B_2009
2010,B,Expenses,Expenses > Primary Government > Governmental Activities,General Government,124796,2010 Moore County Financial Report.pdf,https://hovdckksdjofgghaxtif.supabase.co/storage/v1/object/public/AFR_reports/originals/2010%20Moore%20County%20Financial%20Report.pdf,17,expenses,line_item,governmental_activities,B_2010
2010,B,Expenses,Expenses > Primary Government > Governmental Activities,Finance,267943,2010 Moore County Financial Report.pdf,https://hovdckksdjofgghaxtif.supabase.co/storage/v1/object/public/AFR_reports/originals/2010%20Moore%20County%20Financial%20Report.pdf,17,expenses,line_item,governmental_activities,B_2010
2010,B,Expenses,Expenses > Primary Government > Governmental Activities,Administration of Justice,285153,2010 Moore County Financial Report.pdf,https://hovdckksdjofgghaxtif.supabase.co/storage/v1/object/public/AFR_reports/originals/2010%20Moore%20County%20Financial%20Report.pdf,17,expenses,line_item,governmental_activities,B_2010
2010,B,Expenses,Expenses > Primary Government > Governmental Activities,Public Safety,1474716,2010 Moore County Financial Report.pdf,https://hovdckksdjofgghaxtif.supabase.co/storage/v1/object/public/AFR_reports/originals/2010%20Moore%20County%20Financial%20Report.pdf,17,expenses,line_item,governmental_activities,B_2010
2010,B,Expenses,Expenses > Primary Government > Governmental Activities,Public Health and Welfare,881644,2010 Moore County Financial Report.pdf,https://hovdckksdjofgghaxtif.supabase.co/storage/v1/object/public/AFR_reports/originals/2010%20Moore%20County%20Financial%20Report.pdf,17,expenses,line_item,governmental_activities,B_2010
2010,B,Expenses,Expenses > Primary Government > Governmental Activities,"Social, Cultural, and Recreational Services",161149,2010 Moore County Financial Report.pdf,https://hovdckksdjofgghaxtif.supabase.co/storage/v1/object/public/AFR_reports/originals/2010%20Moore%20County%20Financial%20Report.pdf,17,expenses,line_item,governmental_activities,B_2010
2010,B,Expenses,Expenses > Primary Government > Governmental Activities,Agriculture and Natural Resources,69396,2010 Moore County Financial Report.pdf,https://hovdckksdjofgghaxtif.supabase.co/storage/v1/object/public/AFR_reports/originals/2010%20Moore%20County%20Financial%20Report.pdf,17,expenses,line_item,governmental_activities,B_2010
2010,B,Expenses,Expenses > Primary Government > Governmental Activities,Other Operations,9365,2010 Moore County Financial Report.pdf,https://hovdckksdjofgghaxtif.supabase.co/storage/v1/object/public/AFR_reports/originals/2010%20Moore%20County%20Financial%20Report.pdf,17,expenses,line_item,governmental_activities,B_2010
2010,B,Expenses,Expenses > Primary Government > Governmental Activities,Highways/Public Works,648969,2010 Moore County Financial Report.pdf,https://hovdckksdjofgghaxtif.supabase.co/storage/v1/object/public/AFR_reports/originals/2010%20Moore%20County%20Financial%20Report.pdf,17,expenses,line_item,governmental_activities,B_2010
2010,B,Expenses,Expenses > Primary Government > Governmental Activities,Education,506119,2010 Moore County Financial Report.pdf,https://hovdckksdjofgghaxtif.supabase.co/storage/v1/object/public/AFR_reports/originals/2010%20Moore%20County%20Financial%20Report.pdf,17,expenses,line_item,governmental_activities,B_2010
2010,B,Expenses,Expenses > Primary Government > Governmental Activities,Interest on Long-term Debt,81062,2010 Moore County Financial Report.pdf,https://hovdckksdjofgghaxtif.supabase.co/storage/v1/object/public/AFR_reports/originals/2010%20Moore%20County%20Financial%20Report.pdf,17,expenses,line_item,governmental_activities,B_2010
2010,B,Expenses,Expenses > Primary Government > Governmental Activities,Other Debt Service,46876,2010 Moore County Financial Report.pdf,https://hovdckksdjofgghaxtif.supabase.co/storage/v1/object/public/AFR_reports/originals/2010%20Moore%20County%20Financial%20Report.pdf,17,expenses,line_item,governmental_activities,B_2010
2010,B,Expenses,Expenses > Primary Government > Governmental Activities,Total Governmental Activities,4557188,2010 Moore County Financial Report.pdf,https://hovdckksdjofgghaxtif.supabase.co/storage/v1/object/public/AFR_reports/originals/2010%20Moore%20County%20Financial%20Report.pdf,17,expenses,subtotal,governmental_activities,B_2010
2010,B,Expenses,Expenses > Primary Government > Business-type Activities,Water and Sewer Department,1602972,2010 Moore County Financial Report.pdf,https://hovdckksdjofgghaxtif.supabase.co/storage/v1/object/public/AFR_reports/originals/2010%20Moore%20County%20Financial%20Report.pdf,17,expenses,line_item,business_type_activities,B_2010
2010,B,Expenses,Expenses > Primary Government > Business-type Activities,Total Business-type Activities,1602972,2010 Moore County Financial Report.pdf,https://hovdckksdjofgghaxtif.supabase.co/storage/v1/object/public/AFR_reports/originals/2010%20Moore%20County%20Financial%20Report.pdf,17,expenses,subtotal,business_type_activities,B_2010
2010,B,Expenses,Expenses > Primary Government,Total Primary Government,6160160,2010 Moore County Financial Report.pdf,https://hovdckksdjofgghaxtif.supabase.co/storage/v1/object/public/AFR_reports/originals/2010%20Moore%20County%20Financial%20Report.pdf,17,expenses,total,total_primary_government,B_2010
2010,B,Expenses,Expenses > Component Unit,Metropolitan School Department,8758708,2010 Moore County Financial Report.pdf,https://hovdckksdjofgghaxtif.supabase.co/storage/v1/object/public/AFR_reports/originals/2010%20Moore%20County%20Financial%20Report.pdf,17,expenses,subtotal,school_department,B_2010
2010,B,Expenses,Expenses > Component Unit,Total Component Units,8758708,2010 Moore County Financial Report.pdf,https://hovdckksdjofgghaxtif.supabase.co/storage/v1/object/public/AFR_reports/originals/2010%20Moore%20County%20Financial%20Report.pdf,17,expenses,total,component_unit,B_2010
2011,B,Expenses,Expenses > Primary Government > Governmental Activities,General Government,500010,2011 Moore County Financial Report.pdf,https://hovdckksdjofgghaxtif.supabase.co/storage/v1/object/public/AFR_reports/originals/2011%20Moore%20County%20Financial%20Report.pdf,17,expenses,line_item,governmental_activities,B_2011
2011,B,Expenses,Expenses > Primary Government > Governmental Activities,Finance,268075,2011 Moore County Financial Report.pdf,https://hovdckksdjofgghaxtif.supabase.co/storage/v1/object/public/AFR_reports/originals/2011%20Moore%20County%20Financial%20Report.pdf,17,expenses,line_item,governmental_activities,B_2011
2011,B,Expenses,Expenses > Primary Government > Governmental Activities,Administration of Justice,282313,2011 Moore County Financial Report.pdf,https://hovdckksdjofgghaxtif.supabase.co/storage/v1/object/public/AFR_reports/originals/2011%20Moore%20County%20Financial%20Report.pdf,17,expenses,line_item,governmental_activities,B_2011
2011,B,Expenses,Expenses > Primary Government > Governmental Activities,Public Safety,1458363,2011 Moore County Financial Report.pdf,https://hovdckksdjofgghaxtif.supabase.co/storage/v1/object/public/AFR_reports/originals/2011%20Moore%20County%20Financial%20Report.pdf,17,expenses,line_item,governmental_activities,B_2011
2011,B,Expenses,Expenses > Primary Government > Governmental Activities,Public Health and Welfare,935513,2011 Moore County Financial Report.pdf,https://hovdckksdjofgghaxtif.supabase.co/storage/v1/object/public/AFR_reports/originals/2011%20Moore%20County%20Financial%20Report.pdf,17,expenses,line_item,governmental_activities,B_2011
2011,B,Expenses,Expenses > Primary Government > Governmental Activities,"Social, Cultural, and Recreational Services",401252,2011 Moore County Financial Report.pdf,https://hovdckksdjofgghaxtif.supabase.co/storage/v1/object/public/AFR_reports/originals/2011%20Moore%20County%20Financial%20Report.pdf,17,expenses,line_item,governmental_activities,B_2011
2011,B,Expenses,Expenses > Primary Government > Governmental Activities,Agriculture and Natural Resources,69557,2011 Moore County Financial Report.pdf,https://hovdckksdjofgghaxtif.supabase.co/storage/v1/object/public/AFR_reports/originals/2011%20Moore%20County%20Financial%20Report.pdf,17,expenses,line_item,governmental_activities,B_2011
2011,B,Expenses,Expenses > Primary Government > Governmental Activities,Other Operations,12302,2011 Moore County Financial Report.pdf,https://hovdckksdjofgghaxtif.supabase.co/storage/v1/object/public/AFR_reports/originals/2011%20Moore%20County%20Financial%20Report.pdf,17,expenses,line_item,governmental_activities,B_2011
2011,B,Expenses,Expenses > Primary Government > Governmental Activities,Highways/Public Works,1336144,2011 Moore County Financial Report.pdf,https://hovdckksdjofgghaxtif.supabase.co/storage/v1/object/public/AFR_reports/originals/2011%20Moore%20County%20Financial%20Report.pdf,17,expenses,line_item,governmental_activities,B_2011
2011,B,Expenses,Expenses > Primary Government > Governmental Activities,Interest on Long-term Debt,65504,2011 Moore County Financial Report.pdf,https://hovdckksdjofgghaxtif.supabase.co/storage/v1/object/public/AFR_reports/originals/2011%20Moore%20County%20Financial%20Report.pdf,17,expenses,line_item,governmental_activities,B_2011
2011,B,Expenses,Expenses > Primary Government > Governmental Activities,Other Debt Service,63687,2011 Moore County Financial Report.pdf,https://hovdckksdjofgghaxtif.supabase.co/storage/v1/object/public/AFR_reports/originals/2011%20Moore%20County%20Financial%20Report.pdf,17,expenses,line_item,governmental_activities,B_2011
2011,B,Expenses,Expenses > Primary Government > Governmental Activities,Total Governmental Activities,5392720,2011 Moore County Financial Report.pdf,https://hovdckksdjofgghaxtif.supabase.co/storage/v1/object/public/AFR_reports/originals/2011%20Moore%20County%20Financial%20Report.pdf,17,expenses,subtotal,governmental_activities,B_2011
2011,B,Expenses,Expenses > Primary Government > Business-type Activities,Water and Sewer Department,1728646,2011 Moore County Financial Report.pdf,https://hovdckksdjofgghaxtif.supabase.co/storage/v1/object/public/AFR_reports/originals/2011%20Moore%20County%20Financial%20Report.pdf,17,expenses,line_item,business_type_activities,B_2011
2011,B,Expenses,Expenses > Primary Government > Business-type Activities,Total Business-type Activities,1728646,2011 Moore County Financial Report.pdf,https://hovdckksdjofgghaxtif.supabase.co/storage/v1/object/public/AFR_reports/originals/2011%20Moore%20County%20Financial%20Report.pdf,17,expenses,subtotal,business_type_activities,B_2011
2011,B,Expenses,Expenses > Primary Government,Total Primary Government,7121366,2011 Moore County Financial Report.pdf,https://hovdckksdjofgghaxtif.supabase.co/storage/v1/object/public/AFR_reports/originals/2011%20Moore%20County%20Financial%20Report.pdf,17,expenses,total,total_primary_government,B_2011
2011,B,Expenses,Expenses > Component Unit,Metropolitan School Department,8819971,2011 Moore County Financial Report.pdf,https://hovdckksdjofgghaxtif.supabase.co/storage/v1/object/public/AFR_reports/originals/2011%20Moore%20County%20Financial%20Report.pdf,17,expenses,subtotal,school_department,B_2011
2011,B,Expenses,Expenses > Component Unit,Total Component Units,8819971,2011 Moore County Financial Report.pdf,https://hovdckksdjofgghaxtif.supabase.co/storage/v1/object/public/AFR_reports/originals/2011%20Moore%20County%20Financial%20Report.pdf,17,expenses,total,component_unit,B_2011
2012,B,Expenses,Expenses > Primary Government > Governmental Activities,General Government,483567,2012 Moore County Financial Report.pdf,https://hovdckksdjofgghaxtif.supabase.co/storage/v1/object/public/AFR_reports/originals/2012%20Moore%20County%20Financial%20Report.pdf,17,expenses,line_item,governmental_activities,B_2012
2012,B,Expenses,Expenses > Primary Government > Governmental Activities,Finance,252504,2012 Moore County Financial Report.pdf,https://hovdckksdjofgghaxtif.supabase.co/storage/v1/object/public/AFR_reports/originals/2012%20Moore%20County%20Financial%20Report.pdf,17,expenses,line_item,governmental_activities,B_2012
2012,B,Expenses,Expenses > Primary Government > Governmental Activities,Administration of Justice,279961,2012 Moore County Financial Report.pdf,https://hovdckksdjofgghaxtif.supabase.co/storage/v1/object/public/AFR_reports/originals/2012%20Moore%20County%20Financial%20Report.pdf,17,expenses,line_item,governmental_activities,B_2012
2012,B,Expenses,Expenses > Primary Government > Governmental Activities,Public Safety,1493643,2012 Moore County Financial Report.pdf,https://hovdckksdjofgghaxtif.supabase.co/storage/v1/object/public/AFR_reports/originals/2012%20Moore%20County%20Financial%20Report.pdf,17,expenses,line_item,governmental_activities,B_2012
2012,B,Expenses,Expenses > Primary Government > Governmental Activities,Public Health and Welfare,929078,2012 Moore County Financial Report.pdf,https://hovdckksdjofgghaxtif.supabase.co/storage/v1/object/public/AFR_reports/originals/2012%20Moore%20County%20Financial%20Report.pdf,17,expenses,line_item,governmental_activities,B_2012
2012,B,Expenses,Expenses > Primary Government > Governmental Activities,"Social, Cultural, and Recreational Services",274630,2012 Moore County Financial Report.pdf,https://hovdckksdjofgghaxtif.supabase.co/storage/v1/object/public/AFR_reports/originals/2012%20Moore%20County%20Financial%20Report.pdf,17,expenses,line_item,governmental_activities,B_2012
2012,B,Expenses,Expenses > Primary Government > Governmental Activities,Agriculture and Natural Resources,68215,2012 Moore County Financial Report.pdf,https://hovdckksdjofgghaxtif.supabase.co/storage/v1/object/public/AFR_reports/originals/2012%20Moore%20County%20Financial%20Report.pdf,17,expenses,line_item,governmental_activities,B_2012
2012,B,Expenses,Expenses > Primary Government > Governmental Activities,Other Operations,12557,2012 Moore County Financial Report.pdf,https://hovdckksdjofgghaxtif.supabase.co/storage/v1/object/public/AFR_reports/originals/2012%20Moore%20County%20Financial%20Report.pdf,17,expenses,line_item,governmental_activities,B_2012
2012,B,Expenses,Expenses > Primary Government > Governmental Activities,Highways/Public Works,1516101,2012 Moore County Financial Report.pdf,https://hovdckksdjofgghaxtif.supabase.co/storage/v1/object/public/AFR_reports/originals/2012%20Moore%20County%20Financial%20Report.pdf,17,expenses,line_item,governmental_activities,B_2012
2012,B,Expenses,Expenses > Primary Government > Governmental Activities,Education,510000,2012 Moore County Financial Report.pdf,https://hovdckksdjofgghaxtif.supabase.co/storage/v1/object/public/AFR_reports/originals/2012%20Moore%20County%20Financial%20Report.pdf,17,expenses,line_item,governmental_activities,B_2012
2012,B,Expenses,Expenses > Primary Government > Governmental Activities,Interest on Long-term Debt,73723,2012 Moore County Financial Report.pdf,https://hovdckksdjofgghaxtif.supabase.co/storage/v1/object/public/AFR_reports/originals/2012%20Moore%20County%20Financial%20Report.pdf,17,expenses,line_item,governmental_activities,B_2012
2012,B,Expenses,Expenses > Primary Government > Governmental Activities,Other Debt Service,70729,2012 Moore County Financial Report.pdf,https://hovdckksdjofgghaxtif.supabase.co/storage/v1/object/public/AFR_reports/originals/2012%20Moore%20County%20Financial%20Report.pdf,17,expenses,line_item,governmental_activities,B_2012
2012,B,Expenses,Expenses > Primary Government > Governmental Activities,Total Governmental Activities,5964708,2012 Moore County Financial Report.pdf,https://hovdckksdjofgghaxtif.supabase.co/storage/v1/object/public/AFR_reports/originals/2012%20Moore%20County%20Financial%20Report.pdf,17,expenses,subtotal,governmental_activities,B_2012
2012,B,Expenses,Expenses > Primary Government > Business-type Activities,Water and Sewer Department,1676213,2012 Moore County Financial Report.pdf,https://hovdckksdjofgghaxtif.supabase.co/storage/v1/object/public/AFR_reports/originals/2012%20Moore%20County%20Financial%20Report.pdf,17,expenses,line_item,business_type_activities,B_2012
2012,B,Expenses,Expenses > Primary Government > Business-type Activities,Total Business-type Activities,1676213,2012 Moore County Financial Report.pdf,https://hovdckksdjofgghaxtif.supabase.co/storage/v1/object/public/AFR_reports/originals/2012%20Moore%20County%20Financial%20Report.pdf,17,expenses,subtotal,business_type_activities,B_2012
2012,B,Expenses,Expenses > Primary Government,Total Primary Government,7640921,2012 Moore County Financial Report.pdf,https://hovdckksdjofgghaxtif.supabase.co/storage/v1/object/public/AFR_reports/originals/2012%20Moore%20County%20Financial%20Report.pdf,17,expenses,total,total_primary_government,B_2012
2012,B,Expenses,Expenses > Component Unit,Metropolitan School Department,8886786,2012 Moore County Financial Report.pdf,https://hovdckksdjofgghaxtif.supabase.co/storage/v1/object/public/AFR_reports/originals/2012%20Moore%20County%20Financial%20Report.pdf,17,expenses,subtotal,school_department,B_2012
2012,B,Expenses,Expenses > Component Unit,Emergency Communications District,92548,2012 Moore County Financial Report.pdf,https://hovdckksdjofgghaxtif.supabase.co/storage/v1/object/public/AFR_reports/originals/2012%20Moore%20County%20Financial%20Report.pdf,17,expenses,subtotal,emergency_communications_district,B_2012
2012,B,Expenses,Expenses > Component Unit,Total Component Units,8979334,2012 Moore County Financial Report.pdf,https://hovdckksdjofgghaxtif.supabase.co/storage/v1/object/public/AFR_reports/originals/2012%20Moore%20County%20Financial%20Report.pdf,17,expenses,total,component_unit,B_2012
2013,B,Expenses,Expenses > Primary Government > Governmental Activities,General Government,497731,2013 Moore County Financial Report.pdf,https://hovdckksdjofgghaxtif.supabase.co/storage/v1/object/public/AFR_reports/originals/2013%20Moore%20County%20Financial%20Report.pdf,18,expenses,line_item,governmental_activities,B_2013
2013,B,Expenses,Expenses > Primary Government > Governmental Activities,Finance,252522,2013 Moore County Financial Report.pdf,https://hovdckksdjofgghaxtif.supabase.co/storage/v1/object/public/AFR_reports/originals/2013%20Moore%20County%20Financial%20Report.pdf,18,expenses,line_item,governmental_activities,B_2013
2013,B,Expenses,Expenses > Primary Government > Governmental Activities,Public Safety,1518774,2013 Moore County Financial Report.pdf,https://hovdckksdjofgghaxtif.supabase.co/storage/v1/object/public/AFR_reports/originals/2013%20Moore%20County%20Financial%20Report.pdf,18,expenses,line_item,governmental_activities,B_2013
2013,B,Expenses,Expenses > Primary Government > Governmental Activities,Administration of Justice,280552,2013 Moore County Financial Report.pdf,https://hovdckksdjofgghaxtif.supabase.co/storage/v1/object/public/AFR_reports/originals/2013%20Moore%20County%20Financial%20Report.pdf,18,expenses,line_item,governmental_activities,B_2013
2013,B,Expenses,Expenses > Primary Government > Governmental Activities,Public Health and Welfare,961662,2013 Moore County Financial Report.pdf,https://hovdckksdjofgghaxtif.supabase.co/storage/v1/object/public/AFR_reports/originals/2013%20Moore%20County%20Financial%20Report.pdf,18,expenses,line_item,governmental_activities,B_2013
2013,B,Expenses,Expenses > Primary Government > Governmental Activities,"Social, Cultural, and Recreational Services",263331,2013 Moore County Financial Report.pdf,https://hovdckksdjofgghaxtif.supabase.co/storage/v1/object/public/AFR_reports/originals/2013%20Moore%20County%20Financial%20Report.pdf,18,expenses,line_item,governmental_activities,B_2013
2013,B,Expenses,Expenses > Primary Government > Governmental Activities,Agriculture and Natural Resources,66848,2013 Moore County Financial Report.pdf,https://hovdckksdjofgghaxtif.supabase.co/storage/v1/object/public/AFR_reports/originals/2013%20Moore%20County%20Financial%20Report.pdf,18,expenses,line_item,governmental_activities,B_2013
2013,B,Expenses,Expenses > Primary Government > Governmental Activities,Other Operations,13536,2013 Moore County Financial Report.pdf,https://hovdckksdjofgghaxtif.supabase.co/storage/v1/object/public/AFR_reports/originals/2013%20Moore%20County%20Financial%20Report.pdf,18,expenses,line_item,governmental_activities,B_2013
2013,B,Expenses,Expenses > Primary Government > Governmental Activities,Highways/Public Works,765480,2013 Moore County Financial Report.pdf,https://hovdckksdjofgghaxtif.supabase.co/storage/v1/object/public/AFR_reports/originals/2013%20Moore%20County%20Financial%20Report.pdf,18,expenses,line_item,governmental_activities,B_2013
2013,B,Expenses,Expenses > Primary Government > Governmental Activities,Interest on Long-term Debt,71248,2013 Moore County Financial Report.pdf,https://hovdckksdjofgghaxtif.supabase.co/storage/v1/object/public/AFR_reports/originals/2013%20Moore%20County%20Financial%20Report.pdf,18,expenses,line_item,governmental_activities,B_2013
2013,B,Expenses,Expenses > Primary Government > Governmental Activities,Other Debt Service,66697,2013 Moore County Financial Report.pdf,https://hovdckksdjofgghaxtif.supabase.co/storage/v1/object/public/AFR_reports/originals/2013%20Moore%20County%20Financial%20Report.pdf,18,expenses,line_item,governmental_activities,B_2013
2013,B,Expenses,Expenses > Primary Government > Governmental Activities,Total Governmental Activities,4758381,2013 Moore County Financial Report.pdf,https://hovdckksdjofgghaxtif.supabase.co/storage/v1/object/public/AFR_reports/originals/2013%20Moore%20County%20Financial%20Report.pdf,18,expenses,subtotal,governmental_activities,B_2013
2013,B,Expenses,Expenses > Primary Government > Business-type Activities,Water and Sewer Department,1771447,2013 Moore County Financial Report.pdf,https://hovdckksdjofgghaxtif.supabase.co/storage/v1/object/public/AFR_reports/originals/2013%20Moore%20County%20Financial%20Report.pdf,18,expenses,line_item,business_type_activities,B_2013
2013,B,Expenses,Expenses > Primary Government > Business-type Activities,Total Business-type Activities,1771447,2013 Moore County Financial Report.pdf,https://hovdckksdjofgghaxtif.supabase.co/storage/v1/object/public/AFR_reports/originals/2013%20Moore%20County%20Financial%20Report.pdf,18,expenses,subtotal,business_type_activities,B_2013
2013,B,Expenses,Expenses > Primary Government,Total Primary Government,6529828,2013 Moore County Financial Report.pdf,https://hovdckksdjofgghaxtif.supabase.co/storage/v1/object/public/AFR_reports/originals/2013%20Moore%20County%20Financial%20Report.pdf,18,expenses,total,total_primary_government,B_2013
2013,B,Expenses,Expenses > Component Unit,Metropolitan School Department,9086528,2013 Moore County Financial Report.pdf,https://hovdckksdjofgghaxtif.supabase.co/storage/v1/object/public/AFR_reports/originals/2013%20Moore%20County%20Financial%20Report.pdf,18,expenses,subtotal,school_department,B_2013
2013,B,Expenses,Expenses > Component Unit,Emergency Communications District,81696,2013 Moore County Financial Report.pdf,https://hovdckksdjofgghaxtif.supabase.co/storage/v1/object/public/AFR_reports/originals/2013%20Moore%20County%20Financial%20Report.pdf,18,expenses,subtotal,emergency_communications_district,B_2013
2013,B,Expenses,Expenses > Component Unit,Total Component Units,9168224,2013 Moore County Financial Report.pdf,https://hovdckksdjofgghaxtif.supabase.co/storage/v1/object/public/AFR_reports/originals/2013%20Moore%20County%20Financial%20Report.pdf,18,expenses,total,component_unit,B_2013
2014,B,Expenses,Expenses > Primary Government > Governmental Activities,General Government,2027314,2014 Moore County Financial Report.pdf,https://hovdckksdjofgghaxtif.supabase.co/storage/v1/object/public/AFR_reports/originals/2014%20Moore%20County%20Financial%20Report.pdf,18,expenses,line_item,governmental_activities,B_2014
2014,B,Expenses,Expenses > Primary Government > Governmental Activities,Finance,264196,2014 Moore County Financial Report.pdf,https://hovdckksdjofgghaxtif.supabase.co/storage/v1/object/public/AFR_reports/originals/2014%20Moore%20County%20Financial%20Report.pdf,18,expenses,line_item,governmental_activities,B_2014
2014,B,Expenses,Expenses > Primary Government > Governmental Activities,Administration of Justice,282979,2014 Moore County Financial Report.pdf,https://hovdckksdjofgghaxtif.supabase.co/storage/v1/object/public/AFR_reports/originals/2014%20Moore%20County%20Financial%20Report.pdf,18,expenses,line_item,governmental_activities,B_2014
2014,B,Expenses,Expenses > Primary Government > Governmental Activities,Public Safety,1673435,2014 Moore County Financial Report.pdf,https://hovdckksdjofgghaxtif.supabase.co/storage/v1/object/public/AFR_reports/originals/2014%20Moore%20County%20Financial%20Report.pdf,18,expenses,line_item,governmental_activities,B_2014
2014,B,Expenses,Expenses > Primary Government > Governmental Activities,Public Health and Welfare,965102,2014 Moore County Financial Report.pdf,https://hovdckksdjofgghaxtif.supabase.co/storage/v1/object/public/AFR_reports/originals/2014%20Moore%20County%20Financial%20Report.pdf,18,expenses,line_item,governmental_activities,B_2014
2014,B,Expenses,Expenses > Primary Government > Governmental Activities,"Social, Cultural, and Recreational Services",250072,2014 Moore County Financial Report.pdf,https://hovdckksdjofgghaxtif.supabase.co/storage/v1/object/public/AFR_reports/originals/2014%20Moore%20County%20Financial%20Report.pdf,18,expenses,line_item,governmental_activities,B_2014
2014,B,Expenses,Expenses > Primary Government > Governmental Activities,Agriculture and Natural Resources,74576,2014 Moore County Financial Report.pdf,https://hovdckksdjofgghaxtif.supabase.co/storage/v1/object/public/AFR_reports/originals/2014%20Moore%20County%20Financial%20Report.pdf,18,expenses,line_item,governmental_activities,B_2014
2014,B,Expenses,Expenses > Primary Government > Governmental Activities,Highways/Public Works,1210888,2014 Moore County Financial Report.pdf,https://hovdckksdjofgghaxtif.supabase.co/storage/v1/object/public/AFR_reports/originals/2014%20Moore%20County%20Financial%20Report.pdf,18,expenses,line_item,governmental_activities,B_2014
2014,B,Expenses,Expenses > Primary Government > Governmental Activities,Interest on Long-term Debt,31808,2014 Moore County Financial Report.pdf,https://hovdckksdjofgghaxtif.supabase.co/storage/v1/object/public/AFR_reports/originals/2014%20Moore%20County%20Financial%20Report.pdf,18,expenses,line_item,governmental_activities,B_2014
2014,B,Expenses,Expenses > Primary Government > Governmental Activities,Education,55533,2014 Moore County Financial Report.pdf,https://hovdckksdjofgghaxtif.supabase.co/storage/v1/object/public/AFR_reports/originals/2014%20Moore%20County%20Financial%20Report.pdf,18,expenses,line_item,governmental_activities,B_2014
2014,B,Expenses,Expenses > Primary Government > Governmental Activities,Total Governmental Activities,6835903,2014 Moore County Financial Report.pdf,https://hovdckksdjofgghaxtif.supabase.co/storage/v1/object/public/AFR_reports/originals/2014%20Moore%20County%20Financial%20Report.pdf,18,expenses,subtotal,governmental_activities,B_2014
2014,B,Expenses,Expenses > Primary Government > Business-type Activities,Water and Sewer Department,1774169,2014 Moore County Financial Report.pdf,https://hovdckksdjofgghaxtif.supabase.co/storage/v1/object/public/AFR_reports/originals/2014%20Moore%20County%20Financial%20Report.pdf,18,expenses,line_item,business_type_activities,B_2014
2014,B,Expenses,Expenses > Primary Government,Total Primary Government,8610072,2014 Moore County Financial Report.pdf,https://hovdckksdjofgghaxtif.supabase.co/storage/v1/object/public/AFR_reports/originals/2014%20Moore%20County%20Financial%20Report.pdf,18,expenses,total,total_primary_government,B_2014
2014,B,Expenses,Expenses > Component Unit,Metropolitan School Department,9072166,2014 Moore County Financial Report.pdf,https://hovdckksdjofgghaxtif.supabase.co/storage/v1/object/public/AFR_reports/originals/2014%20Moore%20County%20Financial%20Report.pdf,18,expenses,subtotal,school_department,B_2014
2014,B,Expenses,Expenses > Component Unit,Emergency Communications District,99856,2014 Moore County Financial Report.pdf,https://hovdckksdjofgghaxtif.supabase.co/storage/v1/object/public/AFR_reports/originals/2014%20Moore%20County%20Financial%20Report.pdf,18,expenses,subtotal,emergency_communications_district,B_2014
2014,B,Expenses,Expenses > Component Unit,Total Component Units,9172022,2014 Moore County Financial Report.pdf,https://hovdckksdjofgghaxtif.supabase.co/storage/v1/object/public/AFR_reports/originals/2014%20Moore%20County%20Financial%20Report.pdf,18,expenses,total,component_unit,B_2014
2014,B,Expenses,Expenses > Primary Government > Business-type Activities,Total Business-type Activities,1774169,2014 Moore County Financial Report.pdf,https://hovdckksdjofgghaxtif.supabase.co/storage/v1/object/public/AFR_reports/originals/2014%20Moore%20County%20Financial%20Report.pdf,18,expenses,subtotal,business_type_activities,B_2014
2015,B,Expenses,Expenses > Primary Government > Governmental Activities,General Government,585193,2015 Moore County Financial Report.pdf,https://hovdckksdjofgghaxtif.supabase.co/storage/v1/object/public/AFR_reports/originals/2015%20Moore%20County%20Financial%20Report.pdf,19,expenses,line_item,governmental_activities,B_2015
2015,B,Expenses,Expenses > Primary Government > Governmental Activities,Finance,290248,2015 Moore County Financial Report.pdf,https://hovdckksdjofgghaxtif.supabase.co/storage/v1/object/public/AFR_reports/originals/2015%20Moore%20County%20Financial%20Report.pdf,19,expenses,line_item,governmental_activities,B_2015
2015,B,Expenses,Expenses > Primary Government > Governmental Activities,Administration of Justice,295994,2015 Moore County Financial Report.pdf,https://hovdckksdjofgghaxtif.supabase.co/storage/v1/object/public/AFR_reports/originals/2015%20Moore%20County%20Financial%20Report.pdf,19,expenses,line_item,governmental_activities,B_2015
2015,B,Expenses,Expenses > Primary Government > Governmental Activities,Public Safety,1691415,2015 Moore County Financial Report.pdf,https://hovdckksdjofgghaxtif.supabase.co/storage/v1/object/public/AFR_reports/originals/2015%20Moore%20County%20Financial%20Report.pdf,19,expenses,line_item,governmental_activities,B_2015
2015,B,Expenses,Expenses > Primary Government > Governmental Activities,Public Health and Welfare,973735,2015 Moore County Financial Report.pdf,https://hovdckksdjofgghaxtif.supabase.co/storage/v1/object/public/AFR_reports/originals/2015%20Moore%20County%20Financial%20Report.pdf,19,expenses,line_item,governmental_activities,B_2015
2015,B,Expenses,Expenses > Primary Government > Governmental Activities,"Social, Cultural, and Recreational Services",271232,2015 Moore County Financial Report.pdf,https://hovdckksdjofgghaxtif.supabase.co/storage/v1/object/public/AFR_reports/originals/2015%20Moore%20County%20Financial%20Report.pdf,19,expenses,line_item,governmental_activities,B_2015
2015,B,Expenses,Expenses > Primary Government > Governmental Activities,Agriculture and Natural Resources,89307,2015 Moore County Financial Report.pdf,https://hovdckksdjofgghaxtif.supabase.co/storage/v1/object/public/AFR_reports/originals/2015%20Moore%20County%20Financial%20Report.pdf,19,expenses,line_item,governmental_activities,B_2015
2015,B,Expenses,Expenses > Primary Government > Governmental Activities,Highways/Public Works,1208512,2015 Moore County Financial Report.pdf,https://hovdckksdjofgghaxtif.supabase.co/storage/v1/object/public/AFR_reports/originals/2015%20Moore%20County%20Financial%20Report.pdf,19,expenses,line_item,governmental_activities,B_2015
2015,B,Expenses,Expenses > Primary Government > Governmental Activities,Interest on Long-term Debt,29464,2015 Moore County Financial Report.pdf,https://hovdckksdjofgghaxtif.supabase.co/storage/v1/object/public/AFR_reports/originals/2015%20Moore%20County%20Financial%20Report.pdf,19,expenses,line_item,governmental_activities,B_2015
2015,B,Expenses,Expenses > Primary Government > Governmental Activities,Education,52375,2015 Moore County Financial Report.pdf,https://hovdckksdjofgghaxtif.supabase.co/storage/v1/object/public/AFR_reports/originals/2015%20Moore%20County%20Financial%20Report.pdf,19,expenses,line_item,governmental_activities,B_2015
2015,B,Expenses,Expenses > Primary Government > Governmental Activities,Total Governmental Activities,5487475,2015 Moore County Financial Report.pdf,https://hovdckksdjofgghaxtif.supabase.co/storage/v1/object/public/AFR_reports/originals/2015%20Moore%20County%20Financial%20Report.pdf,19,expenses,subtotal,governmental_activities,B_2015
2015,B,Expenses,Expenses > Primary Government > Business-type Activities,Water and Sewer Department,1788225,2015 Moore County Financial Report.pdf,https://hovdckksdjofgghaxtif.supabase.co/storage/v1/object/public/AFR_reports/originals/2015%20Moore%20County%20Financial%20Report.pdf,19,expenses,line_item,business_type_activities,B_2015
2015,B,Expenses,Expenses > Primary Government > Business-type Activities,Total Business-type Activities,1788225,2015 Moore County Financial Report.pdf,https://hovdckksdjofgghaxtif.supabase.co/storage/v1/object/public/AFR_reports/originals/2015%20Moore%20County%20Financial%20Report.pdf,19,expenses,subtotal,business_type_activities,B_2015
2015,B,Expenses,Expenses > Primary Government,Total Primary Government,7275700,2015 Moore County Financial Report.pdf,https://hovdckksdjofgghaxtif.supabase.co/storage/v1/object/public/AFR_reports/originals/2015%20Moore%20County%20Financial%20Report.pdf,19,expenses,total,total_primary_government,B_2015
2015,B,Expenses,Expenses > Component Unit,Metropolitan School Department,8745659,2015 Moore County Financial Report.pdf,https://hovdckksdjofgghaxtif.supabase.co/storage/v1/object/public/AFR_reports/originals/2015%20Moore%20County%20Financial%20Report.pdf,19,expenses,subtotal,school_department,B_2015
2015,B,Expenses,Expenses > Component Unit,Emergency Communications District,147065,2015 Moore County Financial Report.pdf,https://hovdckksdjofgghaxtif.supabase.co/storage/v1/object/public/AFR_reports/originals/2015%20Moore%20County%20Financial%20Report.pdf,19,expenses,subtotal,emergency_communications_district,B_2015
2015,B,Expenses,Expenses > Component Unit,Total Component Units,8892724,2015 Moore County Financial Report.pdf,https://hovdckksdjofgghaxtif.supabase.co/storage/v1/object/public/AFR_reports/originals/2015%20Moore%20County%20Financial%20Report.pdf,19,expenses,total,component_unit,B_2015
2016,B,Expenses,Expenses > Primary Government > Governmental Activities,General Government,580948,2016 Moore County Financial Report.pdf,https://hovdckksdjofgghaxtif.supabase.co/storage/v1/object/public/AFR_reports/originals/2016%20Moore%20County%20Financial%20Report.pdf,18,expenses,line_item,governmental_activities,B_2016
2016,B,Expenses,Expenses > Primary Government > Governmental Activities,Finance,321473,2016 Moore County Financial Report.pdf,https://hovdckksdjofgghaxtif.supabase.co/storage/v1/object/public/AFR_reports/originals/2016%20Moore%20County%20Financial%20Report.pdf,18,expenses,line_item,governmental_activities,B_2016
2016,B,Expenses,Expenses > Primary Government > Governmental Activities,Administration of Justice,299828,2016 Moore County Financial Report.pdf,https://hovdckksdjofgghaxtif.supabase.co/storage/v1/object/public/AFR_reports/originals/2016%20Moore%20County%20Financial%20Report.pdf,18,expenses,line_item,governmental_activities,B_2016
2016,B,Expenses,Expenses > Primary Government > Governmental Activities,Public Safety,1711172,2016 Moore County Financial Report.pdf,https://hovdckksdjofgghaxtif.supabase.co/storage/v1/object/public/AFR_reports/originals/2016%20Moore%20County%20Financial%20Report.pdf,18,expenses,line_item,governmental_activities,B_2016
2016,B,Expenses,Expenses > Primary Government > Governmental Activities,Public Health and Welfare,1081145,2016 Moore County Financial Report.pdf,https://hovdckksdjofgghaxtif.supabase.co/storage/v1/object/public/AFR_reports/originals/2016%20Moore%20County%20Financial%20Report.pdf,18,expenses,line_item,governmental_activities,B_2016
2016,B,Expenses,Expenses > Primary Government > Governmental Activities,"Social, Cultural, and Recreational Services",276706,2016 Moore County Financial Report.pdf,https://hovdckksdjofgghaxtif.supabase.co/storage/v1/object/public/AFR_reports/originals/2016%20Moore%20County%20Financial%20Report.pdf,18,expenses,line_item,governmental_activities,B_2016
2016,B,Expenses,Expenses > Primary Government > Governmental Activities,Agriculture and Natural Resources,94572,2016 Moore County Financial Report.pdf,https://hovdckksdjofgghaxtif.supabase.co/storage/v1/object/public/AFR_reports/originals/2016%20Moore%20County%20Financial%20Report.pdf,18,expenses,line_item,governmental_activities,B_2016
2016,B,Expenses,Expenses > Primary Government > Governmental Activities,Highways/Public Works,1227121,2016 Moore County Financial Report.pdf,https://hovdckksdjofgghaxtif.supabase.co/storage/v1/object/public/AFR_reports/originals/2016%20Moore%20County%20Financial%20Report.pdf,18,expenses,line_item,governmental_activities,B_2016
2016,B,Expenses,Expenses > Primary Government > Governmental Activities,Interest on Long-term Debt,42903,2016 Moore County Financial Report.pdf,https://hovdckksdjofgghaxtif.supabase.co/storage/v1/object/public/AFR_reports/originals/2016%20Moore%20County%20Financial%20Report.pdf,18,expenses,line_item,governmental_activities,B_2016
2016,B,Expenses,Expenses > Primary Government > Governmental Activities,Education,50654,2016 Moore County Financial Report.pdf,https://hovdckksdjofgghaxtif.supabase.co/storage/v1/object/public/AFR_reports/originals/2016%20Moore%20County%20Financial%20Report.pdf,18,expenses,line_item,governmental_activities,B_2016
2016,B,Expenses,Expenses > Primary Government > Governmental Activities,Total Governmental Activities,5686522,2016 Moore County Financial Report.pdf,https://hovdckksdjofgghaxtif.supabase.co/storage/v1/object/public/AFR_reports/originals/2016%20Moore%20County%20Financial%20Report.pdf,18,expenses,subtotal,governmental_activities,B_2016
2016,B,Expenses,Expenses > Primary Government > Business-type Activities,Water and Sewer Department,1847160,2016 Moore County Financial Report.pdf,https://hovdckksdjofgghaxtif.supabase.co/storage/v1/object/public/AFR_reports/originals/2016%20Moore%20County%20Financial%20Report.pdf,18,expenses,line_item,business_type_activities,B_2016
2016,B,Expenses,Expenses > Primary Government,Total Primary Government,7533682,2016 Moore County Financial Report.pdf,https://hovdckksdjofgghaxtif.supabase.co/storage/v1/object/public/AFR_reports/originals/2016%20Moore%20County%20Financial%20Report.pdf,18,expenses,total,total_primary_government,B_2016
2016,B,Expenses,Expenses > Component Unit,Metropolitan School Department,9145951,2016 Moore County Financial Report.pdf,https://hovdckksdjofgghaxtif.supabase.co/storage/v1/object/public/AFR_reports/originals/2016%20Moore%20County%20Financial%20Report.pdf,18,expenses,subtotal,school_department,B_2016
2016,B,Expenses,Expenses > Primary Government > Business-type Activities,Total Business-type Activities,1847160,2016 Moore County Financial Report.pdf,https://hovdckksdjofgghaxtif.supabase.co/storage/v1/object/public/AFR_reports/originals/2016%20Moore%20County%20Financial%20Report.pdf,18,expenses,subtotal,business_type_activities,B_2016
2017,B,Expenses,Expenses > Primary Government > Governmental Activities,General Government,988960,2017 Moore County Financial Report.pdf,https://hovdckksdjofgghaxtif.supabase.co/storage/v1/object/public/AFR_reports/originals/2017%20Moore%20County%20Financial%20Report.pdf,18,expenses,line_item,governmental_activities,B_2017
2017,B,Expenses,Expenses > Primary Government > Governmental Activities,Finance,327376,2017 Moore County Financial Report.pdf,https://hovdckksdjofgghaxtif.supabase.co/storage/v1/object/public/AFR_reports/originals/2017%20Moore%20County%20Financial%20Report.pdf,18,expenses,line_item,governmental_activities,B_2017
2017,B,Expenses,Expenses > Primary Government > Governmental Activities,Administration of Justice,289485,2017 Moore County Financial Report.pdf,https://hovdckksdjofgghaxtif.supabase.co/storage/v1/object/public/AFR_reports/originals/2017%20Moore%20County%20Financial%20Report.pdf,18,expenses,line_item,governmental_activities,B_2017
2017,B,Expenses,Expenses > Primary Government > Governmental Activities,Public Safety,1845011,2017 Moore County Financial Report.pdf,https://hovdckksdjofgghaxtif.supabase.co/storage/v1/object/public/AFR_reports/originals/2017%20Moore%20County%20Financial%20Report.pdf,18,expenses,line_item,governmental_activities,B_2017
2017,B,Expenses,Expenses > Primary Government > Governmental Activities,Public Health and Welfare,1127619,2017 Moore County Financial Report.pdf,https://hovdckksdjofgghaxtif.supabase.co/storage/v1/object/public/AFR_reports/originals/2017%20Moore%20County%20Financial%20Report.pdf,18,expenses,line_item,governmental_activities,B_2017
2017,B,Expenses,Expenses > Primary Government > Governmental Activities,"Social, Cultural, and Recreational Services",171232,2017 Moore County Financial Report.pdf,https://hovdckksdjofgghaxtif.supabase.co/storage/v1/object/public/AFR_reports/originals/2017%20Moore%20County%20Financial%20Report.pdf,18,expenses,line_item,governmental_activities,B_2017
2017,B,Expenses,Expenses > Primary Government > Governmental Activities,Agriculture and Natural Resources,95629,2017 Moore County Financial Report.pdf,https://hovdckksdjofgghaxtif.supabase.co/storage/v1/object/public/AFR_reports/originals/2017%20Moore%20County%20Financial%20Report.pdf,18,expenses,line_item,governmental_activities,B_2017
2017,B,Expenses,Expenses > Primary Government > Governmental Activities,Highways/Public Works,1222284,2017 Moore County Financial Report.pdf,https://hovdckksdjofgghaxtif.supabase.co/storage/v1/object/public/AFR_reports/originals/2017%20Moore%20County%20Financial%20Report.pdf,18,expenses,line_item,governmental_activities,B_2017
2017,B,Expenses,Expenses > Primary Government > Governmental Activities,Interest on Long-term Debt,51345,2017 Moore County Financial Report.pdf,https://hovdckksdjofgghaxtif.supabase.co/storage/v1/object/public/AFR_reports/originals/2017%20Moore%20County%20Financial%20Report.pdf,18,expenses,line_item,governmental_activities,B_2017
2017,B,Expenses,Expenses > Primary Government > Governmental Activities,Education,105519,2017 Moore County Financial Report.pdf,https://hovdckksdjofgghaxtif.supabase.co/storage/v1/object/public/AFR_reports/originals/2017%20Moore%20County%20Financial%20Report.pdf,18,expenses,line_item,governmental_activities,B_2017
2017,B,Expenses,Expenses > Primary Government > Governmental Activities,Total Governmental Activities,6224460,2017 Moore County Financial Report.pdf,https://hovdckksdjofgghaxtif.supabase.co/storage/v1/object/public/AFR_reports/originals/2017%20Moore%20County%20Financial%20Report.pdf,18,expenses,subtotal,governmental_activities,B_2017
2017,B,Expenses,Expenses > Primary Government > Business-type Activities,Water and Sewer Department,2239014,2017 Moore County Financial Report.pdf,https://hovdckksdjofgghaxtif.supabase.co/storage/v1/object/public/AFR_reports/originals/2017%20Moore%20County%20Financial%20Report.pdf,18,expenses,line_item,business_type_activities,B_2017
2017,B,Expenses,Expenses > Primary Government > Business-type Activities,Total Business-type Activities,2239014,2017 Moore County Financial Report.pdf,https://hovdckksdjofgghaxtif.supabase.co/storage/v1/object/public/AFR_reports/originals/2017%20Moore%20County%20Financial%20Report.pdf,18,expenses,subtotal,business_type_activities,B_2017
2017,B,Expenses,Expenses > Primary Government,Total Primary Government,8463474,2017 Moore County Financial Report.pdf,https://hovdckksdjofgghaxtif.supabase.co/storage/v1/object/public/AFR_reports/originals/2017%20Moore%20County%20Financial%20Report.pdf,18,expenses,total,total_primary_government,B_2017
2017,B,Expenses,Expenses > Component Unit,Metropolitan School Department,9191811,2017 Moore County Financial Report.pdf,https://hovdckksdjofgghaxtif.supabase.co/storage/v1/object/public/AFR_reports/originals/2017%20Moore%20County%20Financial%20Report.pdf,18,expenses,subtotal,school_department,B_2017
2018,B,Expenses,Expenses > Primary Government > Governmental Activities,General Government,745247,2018 Moore County Financial Report.pdf,https://hovdckksdjofgghaxtif.supabase.co/storage/v1/object/public/AFR_reports/originals/2018%20Moore%20County%20Financial%20Report.pdf,18,expenses,line_item,governmental_activities,B_2018
2018,B,Expenses,Expenses > Primary Government > Governmental Activities,Finance,340359,2018 Moore County Financial Report.pdf,https://hovdckksdjofgghaxtif.supabase.co/storage/v1/object/public/AFR_reports/originals/2018%20Moore%20County%20Financial%20Report.pdf,18,expenses,line_item,governmental_activities,B_2018
2018,B,Expenses,Expenses > Primary Government > Governmental Activities,Administration of Justice,317176,2018 Moore County Financial Report.pdf,https://hovdckksdjofgghaxtif.supabase.co/storage/v1/object/public/AFR_reports/originals/2018%20Moore%20County%20Financial%20Report.pdf,18,expenses,line_item,governmental_activities,B_2018
2018,B,Expenses,Expenses > Primary Government > Governmental Activities,Public Safety,2270273,2018 Moore County Financial Report.pdf,https://hovdckksdjofgghaxtif.supabase.co/storage/v1/object/public/AFR_reports/originals/2018%20Moore%20County%20Financial%20Report.pdf,18,expenses,line_item,governmental_activities,B_2018
2018,B,Expenses,Expenses > Primary Government > Governmental Activities,Public Health and Welfare,1271982,2018 Moore County Financial Report.pdf,https://hovdckksdjofgghaxtif.supabase.co/storage/v1/object/public/AFR_reports/originals/2018%20Moore%20County%20Financial%20Report.pdf,18,expenses,line_item,governmental_activities,B_2018
2018,B,Expenses,Expenses > Primary Government > Governmental Activities,"Social, Cultural, and Recreational Services",267232,2018 Moore County Financial Report.pdf,https://hovdckksdjofgghaxtif.supabase.co/storage/v1/object/public/AFR_reports/originals/2018%20Moore%20County%20Financial%20Report.pdf,18,expenses,line_item,governmental_activities,B_2018
2018,B,Expenses,Expenses > Primary Government > Governmental Activities,Agriculture and Natural Resources,102327,2018 Moore County Financial Report.pdf,https://hovdckksdjofgghaxtif.supabase.co/storage/v1/object/public/AFR_reports/originals/2018%20Moore%20County%20Financial%20Report.pdf,18,expenses,line_item,governmental_activities,B_2018
2018,B,Expenses,Expenses > Primary Government > Governmental Activities,Highways/Public Works,1459269,2018 Moore County Financial Report.pdf,https://hovdckksdjofgghaxtif.supabase.co/storage/v1/object/public/AFR_reports/originals/2018%20Moore%20County%20Financial%20Report.pdf,18,expenses,line_item,governmental_activities,B_2018
2018,B,Expenses,Expenses > Primary Government > Governmental Activities,Interest on Long-term Debt,132794,2018 Moore County Financial Report.pdf,https://hovdckksdjofgghaxtif.supabase.co/storage/v1/object/public/AFR_reports/originals/2018%20Moore%20County%20Financial%20Report.pdf,18,expenses,line_item,governmental_activities,B_2018
2018,B,Expenses,Expenses > Primary Government > Governmental Activities,Education,105290,2018 Moore County Financial Report.pdf,https://hovdckksdjofgghaxtif.supabase.co/storage/v1/object/public/AFR_reports/originals/2018%20Moore%20County%20Financial%20Report.pdf,18,expenses,line_item,governmental_activities,B_2018
2018,B,Expenses,Expenses > Primary Government > Governmental Activities,Total Governmental Activities,7011949,2018 Moore County Financial Report.pdf,https://hovdckksdjofgghaxtif.supabase.co/storage/v1/object/public/AFR_reports/originals/2018%20Moore%20County%20Financial%20Report.pdf,18,expenses,subtotal,governmental_activities,B_2018
2018,B,Expenses,Expenses > Primary Government > Business-type Activities,Water and Sewer Department,2175490,2018 Moore County Financial Report.pdf,https://hovdckksdjofgghaxtif.supabase.co/storage/v1/object/public/AFR_reports/originals/2018%20Moore%20County%20Financial%20Report.pdf,18,expenses,line_item,business_type_activities,B_2018
2018,B,Expenses,Expenses > Primary Government > Business-type Activities,Total Business-type Activities,2175490,2018 Moore County Financial Report.pdf,https://hovdckksdjofgghaxtif.supabase.co/storage/v1/object/public/AFR_reports/originals/2018%20Moore%20County%20Financial%20Report.pdf,18,expenses,subtotal,business_type_activities,B_2018
2018,B,Expenses,Expenses > Primary Government,Total Primary Government,9187439,2018 Moore County Financial Report.pdf,https://hovdckksdjofgghaxtif.supabase.co/storage/v1/object/public/AFR_reports/originals/2018%20Moore%20County%20Financial%20Report.pdf,18,expenses,total,total_primary_government,B_2018
2018,B,Expenses,Expenses > Component Unit,Metropolitan School Department,9349395,2018 Moore County Financial Report.pdf,https://hovdckksdjofgghaxtif.supabase.co/storage/v1/object/public/AFR_reports/originals/2018%20Moore%20County%20Financial%20Report.pdf,18,expenses,subtotal,school_department,B_2018
2019,B,Expenses,Expenses > Primary Government > Governmental Activities,General Government,791402,2019 Moore County Financial Report.pdf,https://hovdckksdjofgghaxtif.supabase.co/storage/v1/object/public/AFR_reports/originals/2019%20Moore%20County%20Financial%20Report.pdf,18,expenses,line_item,governmental_activities,B_2019
2019,B,Expenses,Expenses > Primary Government > Governmental Activities,Finance,348677,2019 Moore County Financial Report.pdf,https://hovdckksdjofgghaxtif.supabase.co/storage/v1/object/public/AFR_reports/originals/2019%20Moore%20County%20Financial%20Report.pdf,18,expenses,line_item,governmental_activities,B_2019
2019,B,Expenses,Expenses > Primary Government > Governmental Activities,Administration of Justice,351029,2019 Moore County Financial Report.pdf,https://hovdckksdjofgghaxtif.supabase.co/storage/v1/object/public/AFR_reports/originals/2019%20Moore%20County%20Financial%20Report.pdf,18,expenses,line_item,governmental_activities,B_2019
2019,B,Expenses,Expenses > Primary Government > Governmental Activities,Public Safety,2280211,2019 Moore County Financial Report.pdf,https://hovdckksdjofgghaxtif.supabase.co/storage/v1/object/public/AFR_reports/originals/2019%20Moore%20County%20Financial%20Report.pdf,18,expenses,line_item,governmental_activities,B_2019
2019,B,Expenses,Expenses > Primary Government > Governmental Activities,Public Health and Welfare,1291306,2019 Moore County Financial Report.pdf,https://hovdckksdjofgghaxtif.supabase.co/storage/v1/object/public/AFR_reports/originals/2019%20Moore%20County%20Financial%20Report.pdf,18,expenses,line_item,governmental_activities,B_2019
2019,B,Expenses,Expenses > Primary Government > Governmental Activities,"Social, Cultural, and Recreational Services",339133,2019 Moore County Financial Report.pdf,https://hovdckksdjofgghaxtif.supabase.co/storage/v1/object/public/AFR_reports/originals/2019%20Moore%20County%20Financial%20Report.pdf,18,expenses,line_item,governmental_activities,B_2019
2019,B,Expenses,Expenses > Primary Government > Governmental Activities,Agriculture and Natural Resources,104123,2019 Moore County Financial Report.pdf,https://hovdckksdjofgghaxtif.supabase.co/storage/v1/object/public/AFR_reports/originals/2019%20Moore%20County%20Financial%20Report.pdf,18,expenses,line_item,governmental_activities,B_2019
2019,B,Expenses,Expenses > Primary Government > Governmental Activities,Highways,1516329,2019 Moore County Financial Report.pdf,https://hovdckksdjofgghaxtif.supabase.co/storage/v1/object/public/AFR_reports/originals/2019%20Moore%20County%20Financial%20Report.pdf,18,expenses,line_item,governmental_activities,B_2019
2019,B,Expenses,Expenses > Primary Government > Governmental Activities,Interest on Long-term Debt,205771,2019 Moore County Financial Report.pdf,https://hovdckksdjofgghaxtif.supabase.co/storage/v1/object/public/AFR_reports/originals/2019%20Moore%20County%20Financial%20Report.pdf,18,expenses,line_item,governmental_activities,B_2019
2019,B,Expenses,Expenses > Primary Government > Governmental Activities,Education,5178892,2019 Moore County Financial Report.pdf,https://hovdckksdjofgghaxtif.supabase.co/storage/v1/object/public/AFR_reports/originals/2019%20Moore%20County%20Financial%20Report.pdf,18,expenses,line_item,governmental_activities,B_2019
2019,B,Expenses,Expenses > Primary Government > Governmental Activities,Total Governmental Activities,12406873,2019 Moore County Financial Report.pdf,https://hovdckksdjofgghaxtif.supabase.co/storage/v1/object/public/AFR_reports/originals/2019%20Moore%20County%20Financial%20Report.pdf,18,expenses,subtotal,governmental_activities,B_2019
2019,B,Expenses,Expenses > Primary Government > Business-type Activities,Water and Sewer Department,2217853,2019 Moore County Financial Report.pdf,https://hovdckksdjofgghaxtif.supabase.co/storage/v1/object/public/AFR_reports/originals/2019%20Moore%20County%20Financial%20Report.pdf,18,expenses,line_item,business_type_activities,B_2019
2019,B,Expenses,Expenses > Primary Government > Business-type Activities,Total Business-type Activities,2217853,2019 Moore County Financial Report.pdf,https://hovdckksdjofgghaxtif.supabase.co/storage/v1/object/public/AFR_reports/originals/2019%20Moore%20County%20Financial%20Report.pdf,18,expenses,subtotal,business_type_activities,B_2019
2019,B,Expenses,Expenses > Primary Government,Total Primary Government,14624726,2019 Moore County Financial Report.pdf,https://hovdckksdjofgghaxtif.supabase.co/storage/v1/object/public/AFR_reports/originals/2019%20Moore%20County%20Financial%20Report.pdf,18,expenses,total,total_primary_government,B_2019
2019,B,Expenses,Expenses > Component Unit,Metropolitan School Department,9843080,2019 Moore County Financial Report.pdf,https://hovdckksdjofgghaxtif.supabase.co/storage/v1/object/public/AFR_reports/originals/2019%20Moore%20County%20Financial%20Report.pdf,18,expenses,subtotal,school_department,B_2019
2020,B,Expenses,Expenses > Primary Government > Governmental Activities,General Government,791031,2020 Moore County Financial Report.pdf,https://hovdckksdjofgghaxtif.supabase.co/storage/v1/object/public/AFR_reports/originals/2020%20Moore%20County%20Financial%20Report.pdf,18,expenses,line_item,governmental_activities,B_2020
2020,B,Expenses,Expenses > Primary Government > Governmental Activities,Finance,359967,2020 Moore County Financial Report.pdf,https://hovdckksdjofgghaxtif.supabase.co/storage/v1/object/public/AFR_reports/originals/2020%20Moore%20County%20Financial%20Report.pdf,18,expenses,line_item,governmental_activities,B_2020
2020,B,Expenses,Expenses > Primary Government > Governmental Activities,Administration of Justice,376337,2020 Moore County Financial Report.pdf,https://hovdckksdjofgghaxtif.supabase.co/storage/v1/object/public/AFR_reports/originals/2020%20Moore%20County%20Financial%20Report.pdf,18,expenses,line_item,governmental_activities,B_2020
2020,B,Expenses,Expenses > Primary Government > Governmental Activities,Public Safety,2668211,2020 Moore County Financial Report.pdf,https://hovdckksdjofgghaxtif.supabase.co/storage/v1/object/public/AFR_reports/originals/2020%20Moore%20County%20Financial%20Report.pdf,18,expenses,line_item,governmental_activities,B_2020
2020,B,Expenses,Expenses > Primary Government > Governmental Activities,Public Health and Welfare,1432689,2020 Moore County Financial Report.pdf,https://hovdckksdjofgghaxtif.supabase.co/storage/v1/object/public/AFR_reports/originals/2020%20Moore%20County%20Financial%20Report.pdf,18,expenses,line_item,governmental_activities,B_2020
2020,B,Expenses,Expenses > Primary Government > Governmental Activities,"Social, Cultural, and Recreational Services",309834,2020 Moore County Financial Report.pdf,https://hovdckksdjofgghaxtif.supabase.co/storage/v1/object/public/AFR_reports/originals/2020%20Moore%20County%20Financial%20Report.pdf,18,expenses,line_item,governmental_activities,B_2020
2020,B,Expenses,Expenses > Primary Government > Governmental Activities,Agriculture and Natural Resources,108678,2020 Moore County Financial Report.pdf,https://hovdckksdjofgghaxtif.supabase.co/storage/v1/object/public/AFR_reports/originals/2020%20Moore%20County%20Financial%20Report.pdf,18,expenses,line_item,governmental_activities,B_2020
2020,B,Expenses,Expenses > Primary Government > Governmental Activities,Highways,1476175,2020 Moore County Financial Report.pdf,https://hovdckksdjofgghaxtif.supabase.co/storage/v1/object/public/AFR_reports/originals/2020%20Moore%20County%20Financial%20Report.pdf,18,expenses,line_item,governmental_activities,B_2020
2020,B,Expenses,Expenses > Primary Government > Governmental Activities,Interest on Long-term Debt,256377,2020 Moore County Financial Report.pdf,https://hovdckksdjofgghaxtif.supabase.co/storage/v1/object/public/AFR_reports/originals/2020%20Moore%20County%20Financial%20Report.pdf,18,expenses,line_item,governmental_activities,B_2020
2020,B,Expenses,Expenses > Primary Government > Governmental Activities,Education,10388617,2020 Moore County Financial Report.pdf,https://hovdckksdjofgghaxtif.supabase.co/storage/v1/object/public/AFR_reports/originals/2020%20Moore%20County%20Financial%20Report.pdf,18,expenses,line_item,governmental_activities,B_2020
2020,B,Expenses,Expenses > Primary Government,Total Primary Government,18167916,2020 Moore County Financial Report.pdf,https://hovdckksdjofgghaxtif.supabase.co/storage/v1/object/public/AFR_reports/originals/2020%20Moore%20County%20Financial%20Report.pdf,18,expenses,total,total_primary_government,B_2020
2020,B,Expenses,Expenses > Component Unit,Metropolitan School Department,10423484,2020 Moore County Financial Report.pdf,https://hovdckksdjofgghaxtif.supabase.co/storage/v1/object/public/AFR_reports/originals/2020%20Moore%20County%20Financial%20Report.pdf,18,expenses,subtotal,school_department,B_2020
2021,B,Expenses,Expenses > Primary Government > Governmental Activities,General Government,1056814,2021 Moore County Financial Report.pdf,https://hovdckksdjofgghaxtif.supabase.co/storage/v1/object/public/AFR_reports/originals/2021%20Moore%20County%20Financial%20Report.pdf,17,expenses,line_item,governmental_activities,B_2021
2021,B,Expenses,Expenses > Primary Government > Governmental Activities,Finance,387048,2021 Moore County Financial Report.pdf,https://hovdckksdjofgghaxtif.supabase.co/storage/v1/object/public/AFR_reports/originals/2021%20Moore%20County%20Financial%20Report.pdf,17,expenses,line_item,governmental_activities,B_2021
2021,B,Expenses,Expenses > Primary Government > Governmental Activities,Administration of Justice,412118,2021 Moore County Financial Report.pdf,https://hovdckksdjofgghaxtif.supabase.co/storage/v1/object/public/AFR_reports/originals/2021%20Moore%20County%20Financial%20Report.pdf,17,expenses,line_item,governmental_activities,B_2021
2021,B,Expenses,Expenses > Primary Government > Governmental Activities,Public Safety,2929656,2021 Moore County Financial Report.pdf,https://hovdckksdjofgghaxtif.supabase.co/storage/v1/object/public/AFR_reports/originals/2021%20Moore%20County%20Financial%20Report.pdf,17,expenses,line_item,governmental_activities,B_2021
2021,B,Expenses,Expenses > Primary Government > Governmental Activities,Public Health and Welfare,1441344,2021 Moore County Financial Report.pdf,https://hovdckksdjofgghaxtif.supabase.co/storage/v1/object/public/AFR_reports/originals/2021%20Moore%20County%20Financial%20Report.pdf,17,expenses,line_item,governmental_activities,B_2021
2021,B,Expenses,Expenses > Primary Government > Governmental Activities,"Social, Cultural, and Recreational Services",317023,2021 Moore County Financial Report.pdf,https://hovdckksdjofgghaxtif.supabase.co/storage/v1/object/public/AFR_reports/originals/2021%20Moore%20County%20Financial%20Report.pdf,17,expenses,line_item,governmental_activities,B_2021
2021,B,Expenses,Expenses > Primary Government > Governmental Activities,Agriculture and Natural Resources,127818,2021 Moore County Financial Report.pdf,https://hovdckksdjofgghaxtif.supabase.co/storage/v1/object/public/AFR_reports/originals/2021%20Moore%20County%20Financial%20Report.pdf,17,expenses,line_item,governmental_activities,B_2021
2021,B,Expenses,Expenses > Primary Government > Governmental Activities,Highways,1561685,2021 Moore County Financial Report.pdf,https://hovdckksdjofgghaxtif.supabase.co/storage/v1/object/public/AFR_reports/originals/2021%20Moore%20County%20Financial%20Report.pdf,17,expenses,line_item,governmental_activities,B_2021
2021,B,Expenses,Expenses > Primary Government > Governmental Activities,Interest on Long-term Debt,423549,2021 Moore County Financial Report.pdf,https://hovdckksdjofgghaxtif.supabase.co/storage/v1/object/public/AFR_reports/originals/2021%20Moore%20County%20Financial%20Report.pdf,17,expenses,line_item,governmental_activities,B_2021
2021,B,Expenses,Expenses > Primary Government > Governmental Activities,Education,1467040,2021 Moore County Financial Report.pdf,https://hovdckksdjofgghaxtif.supabase.co/storage/v1/object/public/AFR_reports/originals/2021%20Moore%20County%20Financial%20Report.pdf,17,expenses,line_item,governmental_activities,B_2021
2021,B,Expenses,Expenses > Primary Government > Governmental Activities,Total Governmental Activities,10124095,2021 Moore County Financial Report.pdf,https://hovdckksdjofgghaxtif.supabase.co/storage/v1/object/public/AFR_reports/originals/2021%20Moore%20County%20Financial%20Report.pdf,17,expenses,subtotal,governmental_activities,B_2021
2021,B,Expenses,Expenses > Primary Government > Business-type Activities,Water and Sewer Department,2695636,2021 Moore County Financial Report.pdf,https://hovdckksdjofgghaxtif.supabase.co/storage/v1/object/public/AFR_reports/originals/2021%20Moore%20County%20Financial%20Report.pdf,17,expenses,line_item,business_type_activities,B_2021
2021,B,Expenses,Expenses > Primary Government,Total Primary Government,12819731,2021 Moore County Financial Report.pdf,https://hovdckksdjofgghaxtif.supabase.co/storage/v1/object/public/AFR_reports/originals/2021%20Moore%20County%20Financial%20Report.pdf,17,expenses,total,total_primary_government,B_2021
2021,B,Expenses,Expenses > Component Unit,Metropolitan School Department,11150082,2021 Moore County Financial Report.pdf,https://hovdckksdjofgghaxtif.supabase.co/storage/v1/object/public/AFR_reports/originals/2021%20Moore%20County%20Financial%20Report.pdf,17,expenses,subtotal,school_department,B_2021
2022,B,Expenses,Expenses > Primary Government > Governmental Activities,General Government,882815,2022 Moore County Financial Report.pdf,https://hovdckksdjofgghaxtif.supabase.co/storage/v1/object/public/AFR_reports/originals/2022%20Moore%20County%20Financial%20Report.pdf,17,expenses,line_item,governmental_activities,B_2022
2022,B,Expenses,Expenses > Primary Government > Governmental Activities,Finance,380898,2022 Moore County Financial Report.pdf,https://hovdckksdjofgghaxtif.supabase.co/storage/v1/object/public/AFR_reports/originals/2022%20Moore%20County%20Financial%20Report.pdf,17,expenses,line_item,governmental_activities,B_2022
2022,B,Expenses,Expenses > Primary Government > Governmental Activities,Administration of Justice,383457,2022 Moore County Financial Report.pdf,https://hovdckksdjofgghaxtif.supabase.co/storage/v1/object/public/AFR_reports/originals/2022%20Moore%20County%20Financial%20Report.pdf,17,expenses,line_item,governmental_activities,B_2022
2022,B,Expenses,Expenses > Primary Government > Governmental Activities,Public Safety,2629851,2022 Moore County Financial Report.pdf,https://hovdckksdjofgghaxtif.supabase.co/storage/v1/object/public/AFR_reports/originals/2022%20Moore%20County%20Financial%20Report.pdf,17,expenses,line_item,governmental_activities,B_2022
2022,B,Expenses,Expenses > Primary Government > Governmental Activities,Public Health and Welfare,1736006,2022 Moore County Financial Report.pdf,https://hovdckksdjofgghaxtif.supabase.co/storage/v1/object/public/AFR_reports/originals/2022%20Moore%20County%20Financial%20Report.pdf,17,expenses,line_item,governmental_activities,B_2022
2022,B,Expenses,Expenses > Primary Government > Governmental Activities,"Social, Cultural, and Recreational Services",430298,2022 Moore County Financial Report.pdf,https://hovdckksdjofgghaxtif.supabase.co/storage/v1/object/public/AFR_reports/originals/2022%20Moore%20County%20Financial%20Report.pdf,17,expenses,line_item,governmental_activities,B_2022
2022,B,Expenses,Expenses > Primary Government > Governmental Activities,Agriculture and Natural Resources,124324,2022 Moore County Financial Report.pdf,https://hovdckksdjofgghaxtif.supabase.co/storage/v1/object/public/AFR_reports/originals/2022%20Moore%20County%20Financial%20Report.pdf,17,expenses,line_item,governmental_activities,B_2022
2022,B,Expenses,Expenses > Primary Government > Governmental Activities,Highways,1803391,2022 Moore County Financial Report.pdf,https://hovdckksdjofgghaxtif.supabase.co/storage/v1/object/public/AFR_reports/originals/2022%20Moore%20County%20Financial%20Report.pdf,17,expenses,line_item,governmental_activities,B_2022
2022,B,Expenses,Expenses > Primary Government > Governmental Activities,Interest on Long-term Debt,410974,2022 Moore County Financial Report.pdf,https://hovdckksdjofgghaxtif.supabase.co/storage/v1/object/public/AFR_reports/originals/2022%20Moore%20County%20Financial%20Report.pdf,17,expenses,line_item,governmental_activities,B_2022
2022,B,Expenses,Expenses > Primary Government > Governmental Activities,Education,32379,2022 Moore County Financial Report.pdf,https://hovdckksdjofgghaxtif.supabase.co/storage/v1/object/public/AFR_reports/originals/2022%20Moore%20County%20Financial%20Report.pdf,17,expenses,line_item,governmental_activities,B_2022
2022,B,Expenses,Expenses > Primary Government > Governmental Activities,Total Governmental Activities,8814393,2022 Moore County Financial Report.pdf,https://hovdckksdjofgghaxtif.supabase.co/storage/v1/object/public/AFR_reports/originals/2022%20Moore%20County%20Financial%20Report.pdf,17,expenses,subtotal,governmental_activities,B_2022
2021,B,Expenses,Expenses > Primary Government > Business-type Activities,Total Business-type Activities,2695636,2021 Moore County Financial Report.pdf,https://hovdckksdjofgghaxtif.supabase.co/storage/v1/object/public/AFR_reports/originals/2021%20Moore%20County%20Financial%20Report.pdf,17,expenses,subtotal,business_type_activities,B_2021
2022,B,Expenses,Expenses > Primary Government > Business-type Activities,Water and Sewer Department,2905799,2022 Moore County Financial Report.pdf,https://hovdckksdjofgghaxtif.supabase.co/storage/v1/object/public/AFR_reports/originals/2022%20Moore%20County%20Financial%20Report.pdf,17,expenses,line_item,business_type_activities,B_2022
2022,B,Expenses,Expenses > Primary Government > Business-type Activities,Total Business-type Activities,2905799,2022 Moore County Financial Report.pdf,https://hovdckksdjofgghaxtif.supabase.co/storage/v1/object/public/AFR_reports/originals/2022%20Moore%20County%20Financial%20Report.pdf,17,expenses,subtotal,business_type_activities,B_2022
2022,B,Expenses,Expenses > Primary Government,Total Primary Government,11720192,2022 Moore County Financial Report.pdf,https://hovdckksdjofgghaxtif.supabase.co/storage/v1/object/public/AFR_reports/originals/2022%20Moore%20County%20Financial%20Report.pdf,17,expenses,total,total_primary_government,B_2022
2022,B,Expenses,Expenses > Component Unit,Metropolitan School Department,11283145,2022 Moore County Financial Report.pdf,https://hovdckksdjofgghaxtif.supabase.co/storage/v1/object/public/AFR_reports/originals/2022%20Moore%20County%20Financial%20Report.pdf,17,expenses,subtotal,school_department,B_2022
2023,B,Expenses,Expenses > Primary Government > Governmental Activities,General Government,895537,2023 Moore County Financial Report.pdf,https://hovdckksdjofgghaxtif.supabase.co/storage/v1/object/public/AFR_reports/originals/2023%20Moore%20County%20Financial%20Report.pdf,18,expenses,line_item,governmental_activities,B_2023
2023,B,Expenses,Expenses > Primary Government > Governmental Activities,Finance,431591,2023 Moore County Financial Report.pdf,https://hovdckksdjofgghaxtif.supabase.co/storage/v1/object/public/AFR_reports/originals/2023%20Moore%20County%20Financial%20Report.pdf,18,expenses,line_item,governmental_activities,B_2023
2023,B,Expenses,Expenses > Primary Government > Governmental Activities,Administration of Justice,444128,2023 Moore County Financial Report.pdf,https://hovdckksdjofgghaxtif.supabase.co/storage/v1/object/public/AFR_reports/originals/2023%20Moore%20County%20Financial%20Report.pdf,18,expenses,line_item,governmental_activities,B_2023
2023,B,Expenses,Expenses > Primary Government > Governmental Activities,Public Safety,3351103,2023 Moore County Financial Report.pdf,https://hovdckksdjofgghaxtif.supabase.co/storage/v1/object/public/AFR_reports/originals/2023%20Moore%20County%20Financial%20Report.pdf,18,expenses,line_item,governmental_activities,B_2023
2023,B,Expenses,Expenses > Primary Government > Governmental Activities,Public Health and Welfare,1841233,2023 Moore County Financial Report.pdf,https://hovdckksdjofgghaxtif.supabase.co/storage/v1/object/public/AFR_reports/originals/2023%20Moore%20County%20Financial%20Report.pdf,18,expenses,line_item,governmental_activities,B_2023
2023,B,Expenses,Expenses > Primary Government > Governmental Activities,"Social, Cultural, and Recreational Services",318747,2023 Moore County Financial Report.pdf,https://hovdckksdjofgghaxtif.supabase.co/storage/v1/object/public/AFR_reports/originals/2023%20Moore%20County%20Financial%20Report.pdf,18,expenses,line_item,governmental_activities,B_2023
2023,B,Expenses,Expenses > Primary Government > Governmental Activities,Agriculture and Natural Resources,151746,2023 Moore County Financial Report.pdf,https://hovdckksdjofgghaxtif.supabase.co/storage/v1/object/public/AFR_reports/originals/2023%20Moore%20County%20Financial%20Report.pdf,18,expenses,line_item,governmental_activities,B_2023
2023,B,Expenses,Expenses > Primary Government > Governmental Activities,Highways,2078285,2023 Moore County Financial Report.pdf,https://hovdckksdjofgghaxtif.supabase.co/storage/v1/object/public/AFR_reports/originals/2023%20Moore%20County%20Financial%20Report.pdf,18,expenses,line_item,governmental_activities,B_2023
2023,B,Expenses,Expenses > Primary Government > Governmental Activities,Interest on Long-term Debt,499265,2023 Moore County Financial Report.pdf,https://hovdckksdjofgghaxtif.supabase.co/storage/v1/object/public/AFR_reports/originals/2023%20Moore%20County%20Financial%20Report.pdf,18,expenses,line_item,governmental_activities,B_2023
2023,B,Expenses,Expenses > Primary Government > Governmental Activities,Education,32854,2023 Moore County Financial Report.pdf,https://hovdckksdjofgghaxtif.supabase.co/storage/v1/object/public/AFR_reports/originals/2023%20Moore%20County%20Financial%20Report.pdf,18,expenses,line_item,governmental_activities,B_2023
2023,B,Expenses,Expenses > Primary Government > Governmental Activities,Total Governmental Activities,10044489,2023 Moore County Financial Report.pdf,https://hovdckksdjofgghaxtif.supabase.co/storage/v1/object/public/AFR_reports/originals/2023%20Moore%20County%20Financial%20Report.pdf,18,expenses,subtotal,governmental_activities,B_2023
2023,B,Expenses,Expenses > Primary Government > Business-type Activities,Water and Sewer Department,3054908,2023 Moore County Financial Report.pdf,https://hovdckksdjofgghaxtif.supabase.co/storage/v1/object/public/AFR_reports/originals/2023%20Moore%20County%20Financial%20Report.pdf,18,expenses,line_item,business_type_activities,B_2023
2023,B,Expenses,Expenses > Primary Government,Total Primary Government,13099397,2023 Moore County Financial Report.pdf,https://hovdckksdjofgghaxtif.supabase.co/storage/v1/object/public/AFR_reports/originals/2023%20Moore%20County%20Financial%20Report.pdf,18,expenses,total,total_primary_government,B_2023
2023,B,Expenses,Expenses > Component Unit,Metropolitan School Department,13298417,2023 Moore County Financial Report.pdf,https://hovdckksdjofgghaxtif.supabase.co/storage/v1/object/public/AFR_reports/originals/2023%20Moore%20County%20Financial%20Report.pdf,18,expenses,subtotal,school_department,B_2023
2024,B,Expenses,Expenses > Primary Government > Governmental Activities,Agriculture and Natural Resources,108354,2024 Moore County Financial Report.pdf,https://hovdckksdjofgghaxtif.supabase.co/storage/v1/object/public/AFR_reports/originals/2024%20Moore%20County%20Financial%20Report.pdf,17,expenses,line_item,governmental_activities,B_2024
2024,B,Expenses,Expenses > Primary Government > Governmental Activities,General Government,1037359,2024 Moore County Financial Report.pdf,https://hovdckksdjofgghaxtif.supabase.co/storage/v1/object/public/AFR_reports/originals/2024%20Moore%20County%20Financial%20Report.pdf,17,expenses,line_item,governmental_activities,B_2024
2024,B,Expenses,Expenses > Primary Government > Governmental Activities,Finance,452571,2024 Moore County Financial Report.pdf,https://hovdckksdjofgghaxtif.supabase.co/storage/v1/object/public/AFR_reports/originals/2024%20Moore%20County%20Financial%20Report.pdf,17,expenses,line_item,governmental_activities,B_2024
2024,B,Expenses,Expenses > Primary Government > Governmental Activities,Administration of Justice,466319,2024 Moore County Financial Report.pdf,https://hovdckksdjofgghaxtif.supabase.co/storage/v1/object/public/AFR_reports/originals/2024%20Moore%20County%20Financial%20Report.pdf,17,expenses,line_item,governmental_activities,B_2024
2024,B,Expenses,Expenses > Primary Government > Governmental Activities,Public Safety,3576231,2024 Moore County Financial Report.pdf,https://hovdckksdjofgghaxtif.supabase.co/storage/v1/object/public/AFR_reports/originals/2024%20Moore%20County%20Financial%20Report.pdf,17,expenses,line_item,governmental_activities,B_2024
2024,B,Expenses,Expenses > Primary Government > Governmental Activities,Public Health and Welfare,1536837,2024 Moore County Financial Report.pdf,https://hovdckksdjofgghaxtif.supabase.co/storage/v1/object/public/AFR_reports/originals/2024%20Moore%20County%20Financial%20Report.pdf,17,expenses,line_item,governmental_activities,B_2024
2024,B,Expenses,Expenses > Primary Government > Governmental Activities,"Social, Cultural, and Recreational Services",352544,2024 Moore County Financial Report.pdf,https://hovdckksdjofgghaxtif.supabase.co/storage/v1/object/public/AFR_reports/originals/2024%20Moore%20County%20Financial%20Report.pdf,17,expenses,line_item,governmental_activities,B_2024
2024,B,Expenses,Expenses > Primary Government > Governmental Activities,Highways,2498471,2024 Moore County Financial Report.pdf,https://hovdckksdjofgghaxtif.supabase.co/storage/v1/object/public/AFR_reports/originals/2024%20Moore%20County%20Financial%20Report.pdf,17,expenses,line_item,governmental_activities,B_2024
2024,B,Expenses,Expenses > Primary Government > Governmental Activities,Interest on Long-term Debt,525911,2024 Moore County Financial Report.pdf,https://hovdckksdjofgghaxtif.supabase.co/storage/v1/object/public/AFR_reports/originals/2024%20Moore%20County%20Financial%20Report.pdf,17,expenses,line_item,governmental_activities,B_2024
2024,B,Expenses,Expenses > Primary Government > Governmental Activities,Education,32830,2024 Moore County Financial Report.pdf,https://hovdckksdjofgghaxtif.supabase.co/storage/v1/object/public/AFR_reports/originals/2024%20Moore%20County%20Financial%20Report.pdf,17,expenses,line_item,governmental_activities,B_2024
2024,B,Expenses,Expenses > Primary Government > Governmental Activities,Total Governmental Activities,10587427,2024 Moore County Financial Report.pdf,https://hovdckksdjofgghaxtif.supabase.co/storage/v1/object/public/AFR_reports/originals/2024%20Moore%20County%20Financial%20Report.pdf,17,expenses,subtotal,governmental_activities,B_2024
2023,B,Expenses,Expenses > Primary Government > Business-type Activities,Total Business-type Activities,3054908,2023 Moore County Financial Report.pdf,https://hovdckksdjofgghaxtif.supabase.co/storage/v1/object/public/AFR_reports/originals/2023%20Moore%20County%20Financial%20Report.pdf,18,expenses,subtotal,business_type_activities,B_2023
2024,B,Expenses,Expenses > Primary Government > Business-type Activities,Water and Sewer Department,2998819,2024 Moore County Financial Report.pdf,https://hovdckksdjofgghaxtif.supabase.co/storage/v1/object/public/AFR_reports/originals/2024%20Moore%20County%20Financial%20Report.pdf,17,expenses,line_item,business_type_activities,B_2024
2024,B,Expenses,Expenses > Primary Government > Business-type Activities,Total Business-type Activities,2998819,2024 Moore County Financial Report.pdf,https://hovdckksdjofgghaxtif.supabase.co/storage/v1/object/public/AFR_reports/originals/2024%20Moore%20County%20Financial%20Report.pdf,17,expenses,subtotal,business_type_activities,B_2024
2024,B,Expenses,Expenses > Primary Government,Total Primary Government,13586246,2024 Moore County Financial Report.pdf,https://hovdckksdjofgghaxtif.supabase.co/storage/v1/object/public/AFR_reports/originals/2024%20Moore%20County%20Financial%20Report.pdf,17,expenses,total,total_primary_government,B_2024
2024,B,Expenses,Expenses > Component Unit,Metropolitan School Department,13819894,2024 Moore County Financial Report.pdf,https://hovdckksdjofgghaxtif.supabase.co/storage/v1/object/public/AFR_reports/originals/2024%20Moore%20County%20Financial%20Report.pdf,17,expenses,subtotal,school_department,B_2024
2016,B,Expenses,Expenses > Component Unit,Total Component Units,9145951,2016 Moore County Financial Report.pdf,https://hovdckksdjofgghaxtif.supabase.co/storage/v1/object/public/AFR_reports/originals/2016%20Moore%20County%20Financial%20Report.pdf,19,expenses,total,component_unit,B_2016
2017,B,Expenses,Expenses > Component Unit,Total Component Units,9191811,2017 Moore County Financial Report.pdf,https://hovdckksdjofgghaxtif.supabase.co/storage/v1/object/public/AFR_reports/originals/2017%20Moore%20County%20Financial%20Report.pdf,19,expenses,total,component_unit,B_2017
2018,B,Expenses,Expenses > Component Unit,Total Component Units,9349395,2018 Moore County Financial Report.pdf,https://hovdckksdjofgghaxtif.supabase.co/storage/v1/object/public/AFR_reports/originals/2018%20Moore%20County%20Financial%20Report.pdf,19,expenses,total,component_unit,B_2018
2019,B,Expenses,Expenses > Component Unit,Total Component Units,9843080,2019 Moore County Financial Report.pdf,https://hovdckksdjofgghaxtif.supabase.co/storage/v1/object/public/AFR_reports/originals/2019%20Moore%20County%20Financial%20Report.pdf,19,expenses,total,component_unit,B_2019
2020,B,Expenses,Expenses > Component Unit,Total Component Units,10423484,2020 Moore County Financial Report.pdf,https://hovdckksdjofgghaxtif.supabase.co/storage/v1/object/public/AFR_reports/originals/2020%20Moore%20County%20Financial%20Report.pdf,19,expenses,total,component_unit,B_2020
2021,B,Expenses,Expenses > Component Unit,Total Component Units,11150082,2021 Moore County Financial Report.pdf,https://hovdckksdjofgghaxtif.supabase.co/storage/v1/object/public/AFR_reports/originals/2021%20Moore%20County%20Financial%20Report.pdf,19,expenses,total,component_unit,B_2021
2022,B,Expenses,Expenses > Component Unit,Total Component Units,11283145,2022 Moore County Financial Report.pdf,https://hovdckksdjofgghaxtif.supabase.co/storage/v1/object/public/AFR_reports/originals/2022%20Moore%20County%20Financial%20Report.pdf,19,expenses,total,component_unit,B_2022
2023,B,Expenses,Expenses > Component Unit,Total Component Units,13298417,2023 Moore County Financial Report.pdf,https://hovdckksdjofgghaxtif.supabase.co/storage/v1/object/public/AFR_reports/originals/2023%20Moore%20County%20Financial%20Report.pdf,19,expenses,total,component_unit,B_2023
2024,B,Expenses,Expenses > Component Unit,Total Component Units,13819894,2024 Moore County Financial Report.pdf,https://hovdckksdjofgghaxtif.supabase.co/storage/v1/object/public/AFR_reports/originals/2024%20Moore%20County%20Financial%20Report.pdf,19,expenses,total,component_unit,B_2024